Timestamp: 2026-03-19T18:27:25.0604977Z
CorrelationId: 574258fe-79bd-41c9-8961-a901e7974fc5
Request URL: https://qa.keylogistics.cl/CRMAPI-QA/api/Integracion
Request Headers:
  APIKEY: [REDACTED]
  X-Correlation-ID: 574258fe-79bd-41c9-8961-a901e7974fc5
Payload: {
  "Modulo": "68073e0e748c6a204f601daa70f63f7c",
  "Parametros": {
    "OrderNumber": "10835010",
    "SupplierCode": "DEFAULT",
    "OrderDate": "2026-03-19",
    "DeliveryDate": "2026-03-19",
    "DeliveryLocationCode": "DEFAULT",
    "InvoiceLocationCode": "DEFAULT",
    "BillingLocationCode": "DEFAULT",
    "Items": [
      {
        "MaterialCode": "R044305",
        "Description": "SKU-CARAMELOS MASTICABLES STARBURST FRUIT 59GR CAJA 36UN (XD)",
        "Uom": "UN",
        "RequestedDate": "2026-03-19",
        "Quantity": 3.0000,
        "UnitPrice": 41214.0000
      }
    ]
  }
}
Response Status: BadRequest Bad Request
Response Headers:
  Transfer-Encoding: chunked
  Server: Microsoft-IIS/10.0
  X-Powered-By: ASP.NET
  Date: Thu, 19 Mar 2026 18:29:31 GMT
Response Content Headers:
  Content-Type: application/problem+json; charset=utf-8
Response Body: {"type":"https://tools.ietf.org/html/rfc7231#section-6.5.1","title":"Bad Request","status":400,"traceId":"00-c1996e23298575a88f3ec2f8fe857b91-d10553070ad84516-00"}
TraceId: 
-----
Timestamp: 2026-03-19T18:35:46.3728039Z
CorrelationId: c4a1c266-181a-4c4d-994b-6c959357d2a6
Request URL: https://qa.keylogistics.cl/CRMAPI-QA/api/Integracion
Request Headers:
  APIKEY: [REDACTED]
  X-Correlation-ID: c4a1c266-181a-4c4d-994b-6c959357d2a6
Payload: {
  "Modulo": "68073e0e748c6a204f601daa70f63f7c",
  "Parametros": {
    "OrderNumber": "10835010",
    "OrderDate": "2026-03-19",
    "DeliveryDate": "2026-03-19",
    "Items": [
      {
        "MaterialCode": "R044305",
        "Description": "SKU-CARAMELOS MASTICABLES STARBURST FRUIT 59GR CAJA 36UN (XD)",
        "Uom": "UN",
        "RequestedDate": "2026-03-19",
        "Quantity": 3.0000,
        "UnitPrice": 41214.0000
      }
    ]
  }
}
Response Status: BadRequest Bad Request
Response Headers:
  Transfer-Encoding: chunked
  Server: Microsoft-IIS/10.0
  X-Powered-By: ASP.NET
  Date: Thu, 19 Mar 2026 18:37:53 GMT
Response Content Headers:
  Content-Type: application/problem+json; charset=utf-8
Response Body: {"type":"https://tools.ietf.org/html/rfc7231#section-6.5.1","title":"Bad Request","status":400,"traceId":"00-247be6c822174ece4e830c5d541b132c-4fec46797e3496e8-00"}
TraceId: 
-----
Timestamp: 2026-03-19T18:39:20.3386044Z
CorrelationId: 4c77670e-6d13-427f-8445-c2a4aad8bd00
Request URL: https://qa.keylogistics.cl/CRMAPI-QA/api/Integracion
Request Headers:
  APIKEY: [REDACTED]
  X-Correlation-ID: 4c77670e-6d13-427f-8445-c2a4aad8bd00
Payload: {
  "Modulo": "68073e0e748c6a204f601daa70f63f7c",
  "Parametros": {
    "OrderNumber": "10835010",
    "OrderDate": "2026-03-19",
    "DeliveryDate": "2026-03-19",
    "Items": [
      {
        "MaterialCode": "R044305",
        "Description": "SKU-CARAMELOS MASTICABLES STARBURST FRUIT 59GR CAJA 36UN (XD)",
        "Uom": "UN",
        "RequestedDate": "2026-03-19",
        "Quantity": 3.0000,
        "UnitPrice": 41214.0000
      }
    ]
  }
}
Response Status: BadRequest Bad Request
Response Headers:
  Transfer-Encoding: chunked
  Server: Microsoft-IIS/10.0
  X-Powered-By: ASP.NET
  Date: Thu, 19 Mar 2026 18:41:27 GMT
Response Content Headers:
  Content-Type: application/problem+json; charset=utf-8
Response Body: {"type":"https://tools.ietf.org/html/rfc7231#section-6.5.1","title":"Bad Request","status":400,"traceId":"00-bc37031bd084f0efa234d58c97fb0f73-83e4054191681c8b-00"}
TraceId: 
-----
Timestamp: 2026-03-19T18:41:32.8942205Z
CorrelationId: 9cc96e4d-abdd-46ea-a90b-8af9bda11f3d
Request URL: https://qa.keylogistics.cl/CRMAPI-QA/api/Integracion
Request Headers:
  APIKEY: [REDACTED]
  X-Correlation-ID: 9cc96e4d-abdd-46ea-a90b-8af9bda11f3d
Payload: {
  "Modulo": "68073e0e748c6a204f601daa70f63f7c",
  "Parametros": {
    "OrderNumber": "10835010",
    "OrderDate": "2026-03-19",
    "DeliveryDate": "2026-03-19",
    "Items": [
      {
        "MaterialCode": "R044305",
        "Description": "SKU-CARAMELOS MASTICABLES STARBURST FRUIT 59GR CAJA 36UN (XD)",
        "Uom": "UN",
        "RequestedDate": "2026-03-19",
        "Quantity": 3.0000,
        "UnitPrice": 41214.0000
      }
    ]
  }
}
Response Status: BadRequest Bad Request
Response Headers:
  Transfer-Encoding: chunked
  Server: Microsoft-IIS/10.0
  X-Powered-By: ASP.NET
  Date: Thu, 19 Mar 2026 18:43:38 GMT
Response Content Headers:
  Content-Type: application/problem+json; charset=utf-8
Response Body: {"type":"https://tools.ietf.org/html/rfc7231#section-6.5.1","title":"Bad Request","status":400,"traceId":"00-8425ec01693a8a2e1e7fc605359bce23-50db0206213db8fe-00"}
TraceId: 
-----
Timestamp: 2026-03-19T18:44:40.4194583Z
CorrelationId: 4a023053-de77-4b55-9f99-de09e3edac35
Request URL: https://qa.keylogistics.cl/CRMAPI-QA/api/Integracion
Request Headers:
  APIKEY: [REDACTED]
  X-Correlation-ID: 4a023053-de77-4b55-9f99-de09e3edac35
Payload: {
  "Modulo": "68073e0e748c6a204f601daa70f63f7c",
  "Parametros": {
    "OrderNumber": "10835010",
    "OrderDate": "2026-03-19",
    "DeliveryDate": "2026-03-19",
    "Items": [
      {
        "MaterialCode": "R044305",
        "Description": "SKU-CARAMELOS MASTICABLES STARBURST FRUIT 59GR CAJA 36UN (XD)",
        "Uom": "UN",
        "RequestedDate": "2026-03-19",
        "Quantity": 3.0000,
        "UnitPrice": 41214.0000
      }
    ]
  }
}
Response Status: BadRequest Bad Request
Response Headers:
  Transfer-Encoding: chunked
  Server: Microsoft-IIS/10.0
  X-Powered-By: ASP.NET
  Date: Thu, 19 Mar 2026 18:46:47 GMT
Response Content Headers:
  Content-Type: application/problem+json; charset=utf-8
Response Body: {"type":"https://tools.ietf.org/html/rfc7231#section-6.5.1","title":"Bad Request","status":400,"traceId":"00-ca18440837b16d6ae0f6a5beb59a05de-5b920e229525e4b3-00"}
TraceId: 
-----
Timestamp: 2026-03-19T19:13:01.1414302Z
CorrelationId: be0995ae-a04b-4d73-af7b-7f780c930814
Request URL: https://qa.keylogistics.cl/CRMAPI-QA/api/Integracion
Request Headers:
  APIKEY: [REDACTED]
  X-Correlation-ID: be0995ae-a04b-4d73-af7b-7f780c930814
Payload: {
  "Modulo": "68073e0e748c6a204f601daa70f63f7c",
  "Parametros": {
    "OrderNumber": "10835010",
    "OrderDate": "2026-03-19",
    "DeliveryDate": "2026-03-19",
    "Items": [
      {
        "MaterialCode": "R044305",
        "Description": "SKU-CARAMELOS MASTICABLES STARBURST FRUIT 59GR CAJA 36UN (XD)",
        "Uom": "UN",
        "RequestedDate": "2026-03-19",
        "Quantity": 3.0000,
        "UnitPrice": 41214.0000
      }
    ]
  }
}
Response Status: BadRequest Bad Request
Response Headers:
  Transfer-Encoding: chunked
  Server: Microsoft-IIS/10.0
  X-Powered-By: ASP.NET
  Date: Thu, 19 Mar 2026 19:15:07 GMT
Response Content Headers:
  Content-Type: application/problem+json; charset=utf-8
Response Body: {"type":"https://tools.ietf.org/html/rfc7231#section-6.5.1","title":"Bad Request","status":400,"traceId":"00-c40c99ef859e91dadd7d5d26dc57b8ec-5b02a69f21ec2748-00"}
TraceId: 
-----
Timestamp: 2026-03-19T19:27:01.6776797Z
CorrelationId: 6a42e182-154b-45bd-8b4f-a65b5a4e4dc3
Request URL: https://qa.keylogistics.cl/CRMAPI-QA/api/Integracion
Request Headers:
  APIKEY: [REDACTED]
  X-Correlation-ID: 6a42e182-154b-45bd-8b4f-a65b5a4e4dc3
Payload: {
  "Modulo": "68073e0e748c6a204f601daa70f63f7c",
  "Parametros": {
    "OrderNumber": "10835010",
    "OrderDate": "2026-03-19",
    "DeliveryDate": "2026-03-19",
    "Items": [
      {
        "MaterialCode": "R044305",
        "Description": "SKU-CARAMELOS MASTICABLES STARBURST FRUIT 59GR CAJA 36UN (XD)",
        "Uom": "UN",
        "RequestedDate": "2026-03-19",
        "Quantity": 3.0000,
        "UnitPrice": 41214.0000
      }
    ]
  }
}
Response Status: BadRequest Bad Request
Response Headers:
  Transfer-Encoding: chunked
  Server: Microsoft-IIS/10.0
  X-Powered-By: ASP.NET
  Date: Thu, 19 Mar 2026 19:29:08 GMT
Response Content Headers:
  Content-Type: application/problem+json; charset=utf-8
Response Body: {"type":"https://tools.ietf.org/html/rfc7231#section-6.5.1","title":"Bad Request","status":400,"traceId":"00-4cd1966ca675059835975ad8bde3a0a2-5d023d8991157246-00"}
TraceId: 
-----
Timestamp: 2026-03-19T20:10:26.8760254Z
CorrelationId: f94063bf-6a93-4b9f-85e0-54374411fac5
Request URL: https://qa.keylogistics.cl/CRMAPI-QA/api/Integracion
Request Headers:
  APIKEY: [REDACTED]
  X-Correlation-ID: f94063bf-6a93-4b9f-85e0-54374411fac5
Payload: {
  "Modulo": "68073e0e748c6a204f601daa70f63f7c",
  "Parametros": {
    "OrderNumber": "10835010",
    "SupplierCode": "76024",
    "OrderDate": "2026-03-03",
    "DeliveryDate": "2026-03-11",
    "PaymentCondition": "D",
    "DeliveryLocationCode": "30004",
    "InvoiceLocationCode": "30004",
    "BillingLocationCode": "30004",
    "Notes": "31755//12-3-2026//BOD.CAMPAMENTO VCA-ESC",
    "Items": [
      {
        "MaterialCode": "R044305",
        "Quantity": 3.0000,
        "UnitPrice": 41214.0000,
        "RequestedDate": "2026-03-11",
        "Description": "SKU-CARAMELOS MASTICABLES STARBURST FRUIT 59GR CAJA 36UN (XD)",
        "Uom": "UN"
      },
      {
        "MaterialCode": "R046525",
        "Quantity": 2.0000,
        "UnitPrice": 21244.0000,
        "RequestedDate": "2026-03-11",
        "Description": "SKU-GALLETA COSTA GRETTELL CHOCOLATE 85GR CAJA 24UN (XD)",
        "Uom": "UN"
      },
      {
        "MaterialCode": "R091695",
        "Quantity": 4.0000,
        "UnitPrice": 6904.0000,
        "RequestedDate": "2026-03-11",
        "Description": "SKU-GALLETA DE SODA COSTA 54GR CAJA 27UN (XD)",
        "Uom": "UN"
      },
      {
        "MaterialCode": "R095026",
        "Quantity": 2.0000,
        "UnitPrice": 8617.0000,
        "RequestedDate": "2026-03-11",
        "Description": "SKU-TURRON ARCOR MANI 45GR CAJA 28UN (XD)",
        "Uom": "UN"
      },
      {
        "MaterialCode": "R101127",
        "Quantity": 3.0000,
        "UnitPrice": 5215.0000,
        "RequestedDate": "2026-03-11",
        "Description": "SKU-BOMBON COSTA VIZZIO 432GR DISPLAY 45UN (XD)",
        "Uom": "UN"
      },
      {
        "MaterialCode": "R251259",
        "Quantity": 1.0000,
        "UnitPrice": 48686.0000,
        "RequestedDate": "2026-03-11",
        "Description": "SKU-M\u0026M PEANUT SINGLES 48GR DISPLAY 48UN (XD)",
        "Uom": "UN"
      },
      {
        "MaterialCode": "R251266",
        "Quantity": 1.0000,
        "UnitPrice": 36525.0000,
        "RequestedDate": "2026-03-11",
        "Description": "SKU-M\u0026M PLAIN SINGLES 48GR DISPLAY 36UN (XD)",
        "Uom": "UN"
      },
      {
        "MaterialCode": "R251334",
        "Quantity": 3.0000,
        "UnitPrice": 36515.0000,
        "RequestedDate": "2026-03-11",
        "Description": "SKU-TWIX SINGLE 57GR DISPLAY 36UN (XD)",
        "Uom": "UN"
      },
      {
        "MaterialCode": "R251341",
        "Quantity": 6.0000,
        "UnitPrice": 48686.0000,
        "RequestedDate": "2026-03-11",
        "Description": "SKU-CHOCOLATE SNICKERS SINGLE 53GR DISPLAY 48UN (XD)",
        "Uom": "UN"
      },
      {
        "MaterialCode": "R253833",
        "Quantity": 4.0000,
        "UnitPrice": 7770.0000,
        "RequestedDate": "2026-03-11",
        "Description": "SKU-CHOCOLATE TRENCITO 24GR DISPLAY 30 UN NESTLE (XD)",
        "Uom": "UN"
      },
      {
        "MaterialCode": "R273435",
        "Quantity": 3.0000,
        "UnitPrice": 22041.0000,
        "RequestedDate": "2026-03-11",
        "Description": "SKU-CHOCOLATE COSTA ROLLS CRISPY 130GR CAJA 15UN (XD)",
        "Uom": "UN"
      },
      {
        "MaterialCode": "R281485",
        "Quantity": 1.0000,
        "UnitPrice": 12240.0000,
        "RequestedDate": "2026-03-11",
        "Description": "SKU-GALLETA TRITON MCKAY VAINILLA 129GR CAJA 30UN (XD)",
        "Uom": "UN"
      },
      {
        "MaterialCode": "R287036",
        "Quantity": 3.0000,
        "UnitPrice": 25256.0000,
        "RequestedDate": "2026-03-11",
        "Description": "SKU-PAPAS FRITAS LAYS STAX CHEDDAR 172GR CAJA 14UN EVERCRISP (XD)",
        "Uom": "UN"
      },
      {
        "MaterialCode": "R287043",
        "Quantity": 4.0000,
        "UnitPrice": 25256.0000,
        "RequestedDate": "2026-03-11",
        "Description": "SKU-PAPAS FRITAS LAYS STAX ORIGINAL 172GR CAJA 14UN EVERCRISP (XD)",
        "Uom": "UN"
      },
      {
        "MaterialCode": "R290128",
        "Quantity": 1.0000,
        "UnitPrice": 71424.0000,
        "RequestedDate": "2026-03-11",
        "Description": "SKU-CHOCOLATE PRESTIGIO 35GR CAJA 192UN NESTLE (XD)",
        "Uom": "UN"
      },
      {
        "MaterialCode": "R302791",
        "Quantity": 1.0000,
        "UnitPrice": 21244.0000,
        "RequestedDate": "2026-03-11",
        "Description": "SKU-GALLETA COSTA GRETTEL YOGHURT FRUTILLA 85GR CAJA 24UN (XD)",
        "Uom": "UN"
      },
      {
        "MaterialCode": "R303602",
        "Quantity": 1.0000,
        "UnitPrice": 11326.0000,
        "RequestedDate": "2026-03-11",
        "Description": "SKU-GALLETON AVENA BERRIES ECOVIDA 40GR CAJA 24UN (XD)",
        "Uom": "UN"
      },
      {
        "MaterialCode": "R303607",
        "Quantity": 1.0000,
        "UnitPrice": 39969.0000,
        "RequestedDate": "2026-03-11",
        "Description": "SKU-GALLETAS EMPAREDADOS DE CIRUELA ECOVIDA 150GR CAJA 30UN (XD)",
        "Uom": "UN"
      },
      {
        "MaterialCode": "R303610",
        "Quantity": 2.0000,
        "UnitPrice": 39969.0000,
        "RequestedDate": "2026-03-11",
        "Description": "SKU-GALLETAS EMPAREDADOS DE HIGO S/AZUCAR ECOVIDA 150GR CAJA 30UN (XD)",
        "Uom": "UN"
      },
      {
        "MaterialCode": "R304879",
        "Quantity": 5.0000,
        "UnitPrice": 12542.0000,
        "RequestedDate": "2026-03-11",
        "Description": "SKU-CARAMELOS AMBROSOLI FULL LIMON 27GR CAJA 60UN (XD)",
        "Uom": "UN"
      },
      {
        "MaterialCode": "R305104",
        "Quantity": 7.0000,
        "UnitPrice": 16492.0000,
        "RequestedDate": "2026-03-11",
        "Description": "SKU-SUPLEMENTO PROTEIN SNACK TWENTYS LEMON CHEESECAKE 60GR DISPLAY 12UN (XD)",
        "Uom": "UN"
      },
      {
        "MaterialCode": "R305163",
        "Quantity": 5.0000,
        "UnitPrice": 45897.0000,
        "RequestedDate": "2026-03-11",
        "Description": "SKU-CHOCOLATE COSTA NUSS 250GR DISPLAY 15UN (XD)",
        "Uom": "UN"
      },
      {
        "MaterialCode": "R307011",
        "Quantity": 3.0000,
        "UnitPrice": 14697.0000,
        "RequestedDate": "2026-03-11",
        "Description": "SKU-SUPLEMENTO PROTEIN BARRA CHOCOLATE 45GR DISPLAY 16UN (XD)",
        "Uom": "UN"
      },
      {
        "MaterialCode": "R307020",
        "Quantity": 3.0000,
        "UnitPrice": 28062.0000,
        "RequestedDate": "2026-03-11",
        "Description": "SKU-GALLETA CHOCOLATE FRUTILLA SIN AZUCAR\u00A0225GR CAJA 20UN ECOVIDA (XD)",
        "Uom": "UN"
      },
      {
        "MaterialCode": "R307327",
        "Quantity": 1.0000,
        "UnitPrice": 16512.0000,
        "RequestedDate": "2026-03-11",
        "Description": "SKU-GALLETA COSTA COCO TUAREG 120GR CAJA 35UN (XD)",
        "Uom": "UN"
      },
      {
        "MaterialCode": "R308732",
        "Quantity": 18.0000,
        "UnitPrice": 19714.0000,
        "RequestedDate": "2026-03-11",
        "Description": "SKU-CHICLE ORBIT BUBBLEMINT S/AZUCAR 64GR DISPLAY 6UN (SS) (XD)",
        "Uom": "UN"
      },
      {
        "MaterialCode": "R308736",
        "Quantity": 1.0000,
        "UnitPrice": 23429.0000,
        "RequestedDate": "2026-03-11",
        "Description": "SKU-CHOCOLATE MILKA LECHE 55GR DISPLAY 21UN (XD)",
        "Uom": "UN"
      },
      {
        "MaterialCode": "R308739",
        "Quantity": 1.0000,
        "UnitPrice": 18378.0000,
        "RequestedDate": "2026-03-11",
        "Description": "SKU-JUGO NATURAL IND CITRIC NARANJA 500ML CAJA 12UN (XD)",
        "Uom": "UN"
      },
      {
        "MaterialCode": "R308971",
        "Quantity": 4.0000,
        "UnitPrice": 15172.0000,
        "RequestedDate": "2026-03-11",
        "Description": "SKU-JUGO BLESS MARACUYA/NARANJA/PINA/MANZANA/LIMON 300CC CAJA 12UN (SS) (XD)",
        "Uom": "UN"
      },
      {
        "MaterialCode": "R308973",
        "Quantity": 1.0000,
        "UnitPrice": 15172.0000,
        "RequestedDate": "2026-03-11",
        "Description": "SKU-JUGO BLESS PEPINO/ESPIRUL/MANZANA/PI\u00D1A/JENGIBRE/LIMON 300CC CAJA 12UN (XD)",
        "Uom": "UN"
      },
      {
        "MaterialCode": "R309051",
        "Quantity": 5.0000,
        "UnitPrice": 16622.0000,
        "RequestedDate": "2026-03-11",
        "Description": "SKU-CHEETOS PALITOS 110GR CAJA 15UN EVERSCRISP (XD)",
        "Uom": "UN"
      },
      {
        "MaterialCode": "R309067",
        "Quantity": 2.0000,
        "UnitPrice": 56184.0000,
        "RequestedDate": "2026-03-11",
        "Description": "SKU-CHOCOLATE ESTUCHE COSTA VIZZIO 120GR CAJA 34UN (XD)",
        "Uom": "UN"
      },
      {
        "MaterialCode": "R309093",
        "Quantity": 1.0000,
        "UnitPrice": 47070.0000,
        "RequestedDate": "2026-03-11",
        "Description": "SKU-GALLETA ARCOR BON O BON 95GR CAJA 36UN (XD)",
        "Uom": "UN"
      },
      {
        "MaterialCode": "R309097",
        "Quantity": 6.0000,
        "UnitPrice": 16578.0000,
        "RequestedDate": "2026-03-11",
        "Description": "SKU-CHEEZELS EVERCRISP 100GR CAJA 16UN (XD)",
        "Uom": "UN"
      },
      {
        "MaterialCode": "R309146",
        "Quantity": 1.0000,
        "UnitPrice": 31430.0000,
        "RequestedDate": "2026-03-11",
        "Description": "SKU-CHOCOLATE NESTLE TRENCITO 150GR CAJA 14UN (XD)",
        "Uom": "UN"
      },
      {
        "MaterialCode": "R309147",
        "Quantity": 2.0000,
        "UnitPrice": 49939.0000,
        "RequestedDate": "2026-03-11",
        "Description": "SKU-CHOCOLATE NESTLE KIT KAT 41,5GR CAJA 96UN (XD)",
        "Uom": "UN"
      },
      {
        "MaterialCode": "R309265",
        "Quantity": 1.0000,
        "UnitPrice": 15470.0000,
        "RequestedDate": "2026-03-11",
        "Description": "SKU-SNACK MIX TENTACION 50GR CAJA 20UN (XD)",
        "Uom": "UN"
      },
      {
        "MaterialCode": "R309432",
        "Quantity": 3.0000,
        "UnitPrice": 9093.0000,
        "RequestedDate": "2026-03-11",
        "Description": "SKU-CHIPS DE VEGETALES TIKA FURIOSAS 35GR CAJA 15UN (XD).",
        "Uom": "UN"
      },
      {
        "MaterialCode": "R309456",
        "Quantity": 3.0000,
        "UnitPrice": 18911.0000,
        "RequestedDate": "2026-03-11",
        "Description": "SKU-CHICLE ORBIT MENTA DISPLAY 30UN (XD).",
        "Uom": "UN"
      },
      {
        "MaterialCode": "R309457",
        "Quantity": 7.0000,
        "UnitPrice": 18911.0000,
        "RequestedDate": "2026-03-11",
        "Description": "SKU-CHICLE ORBIT EUCALIPTUS DISPLAY 30UN (XD).",
        "Uom": "UN"
      },
      {
        "MaterialCode": "R309458",
        "Quantity": 1.0000,
        "UnitPrice": 18911.0000,
        "RequestedDate": "2026-03-11",
        "Description": "SKU-CHICLE ORBIT HIERBABUENA DISPLAY 30UN (XD).",
        "Uom": "UN"
      },
      {
        "MaterialCode": "R309620",
        "Quantity": 5.0000,
        "UnitPrice": 19714.0000,
        "RequestedDate": "2026-03-11",
        "Description": "SKU-CHICLE ORBIT HIERBABUENA S/AZUCAR 64GR DISPLAY 6UN (SS) (XD)",
        "Uom": "UN"
      },
      {
        "MaterialCode": "R309661",
        "Quantity": 11.0000,
        "UnitPrice": 24387.0000,
        "RequestedDate": "2026-03-11",
        "Description": "SKU-RAMITAS SALADAS EVERCRISP 230GR CAJA 16UN (XD)",
        "Uom": "UN"
      },
      {
        "MaterialCode": "R309761",
        "Quantity": 3.0000,
        "UnitPrice": 33780.0000,
        "RequestedDate": "2026-03-11",
        "Description": "SKU-CHOCOLATE M\u0026M PEANUT 141,8GR CAJA 12UN (XD)",
        "Uom": "UN"
      },
      {
        "MaterialCode": "R309762",
        "Quantity": 2.0000,
        "UnitPrice": 5794.0000,
        "RequestedDate": "2026-03-11",
        "Description": "SKU-CHICLE BIGTIME MENTA 11GR DISPLAY 20UN (XD)",
        "Uom": "UN"
      },
      {
        "MaterialCode": "R309763",
        "Quantity": 11.0000,
        "UnitPrice": 6084.0000,
        "RequestedDate": "2026-03-11",
        "Description": "SKU-CHICLE BIGTIME STRONG 11GR DISPLAY 20UN (SS) (XD)",
        "Uom": "UN"
      },
      {
        "MaterialCode": "R309764",
        "Quantity": 4.0000,
        "UnitPrice": 6084.0000,
        "RequestedDate": "2026-03-11",
        "Description": "SKU-CHICLE BIGTIME SANDIA 11GR DISPLAY 20UN (SS) (XD)",
        "Uom": "UN"
      },
      {
        "MaterialCode": "R309765",
        "Quantity": 47.0000,
        "UnitPrice": 6084.0000,
        "RequestedDate": "2026-03-11",
        "Description": "SKU-CHICLE BIGTIME REFRESCANTE 11GR DISPLAY 20UN (SS) (XD)",
        "Uom": "UN"
      },
      {
        "MaterialCode": "R309876",
        "Quantity": 2.0000,
        "UnitPrice": 23730.0000,
        "RequestedDate": "2026-03-11",
        "Description": "SKU-ALFAJOR ARTESANAL CACAO NEGRO 55GR CAJA 30UN (XD)",
        "Uom": "UN"
      },
      {
        "MaterialCode": "R309913",
        "Quantity": 2.0000,
        "UnitPrice": 8342.0000,
        "RequestedDate": "2026-03-11",
        "Description": "SKU-CHICLE TRIDENT INFINITI PEPPERMINT S/AZUCAR 26,6GR DISPLAY 12UN (SS) (XD)",
        "Uom": "UN"
      },
      {
        "MaterialCode": "R309920",
        "Quantity": 2.0000,
        "UnitPrice": 9270.0000,
        "RequestedDate": "2026-03-11",
        "Description": "SKU-CHICLE TRIDENT INFINITI PEPPERMINT S/AZUCAR 26,6GR DISPLAY 12UN (SS) (XD).",
        "Uom": "UN"
      },
      {
        "MaterialCode": "R310215",
        "Quantity": 5.0000,
        "UnitPrice": 17753.0000,
        "RequestedDate": "2026-03-11",
        "Description": "SKU-PAPA FRITA LAYS T/AMERICANO 200GR CAJA 12UN",
        "Uom": "UN"
      },
      {
        "MaterialCode": "R310342",
        "Quantity": 2.0000,
        "UnitPrice": 12600.0000,
        "RequestedDate": "2026-03-11",
        "Description": "SKU-AGUA SABORIZADA UNIKO MANZANA S/GAS 310ML CAJA 12UN (SS) (XD)",
        "Uom": "UN"
      },
      {
        "MaterialCode": "R310345",
        "Quantity": 1.0000,
        "UnitPrice": 12600.0000,
        "RequestedDate": "2026-03-11",
        "Description": "SKU-AGUA SABORIZADA UNIKO CRANBERRY C/GAS 310ML CAJA 12UN (SS) (XD)",
        "Uom": "UN"
      },
      {
        "MaterialCode": "R310393",
        "Quantity": 12.0000,
        "UnitPrice": 10756.0000,
        "RequestedDate": "2026-03-11",
        "Description": "SKU-SNACK MANI JAPONES 100G CAJA 16UN (XD)",
        "Uom": "UN"
      },
      {
        "MaterialCode": "R310394",
        "Quantity": 1.0000,
        "UnitPrice": 14928.0000,
        "RequestedDate": "2026-03-11",
        "Description": "SKU-PAPAS FRITAS CASERAS IND 42GR CAJA 54UN MARCO POLO (XD)",
        "Uom": "UN"
      },
      {
        "MaterialCode": "R310430",
        "Quantity": 4.0000,
        "UnitPrice": 17584.0000,
        "RequestedDate": "2026-03-11",
        "Description": "SKU-GALLETA CRIOLLITA 80GR CAJA 28UN MCKAY (XD)",
        "Uom": "UN"
      },
      {
        "MaterialCode": "R310436",
        "Quantity": 5.0000,
        "UnitPrice": 21860.0000,
        "RequestedDate": "2026-03-11",
        "Description": "SKU-SNACK TIKA NATURAL CHIPS-CEBOLLITA DULCE 150GR CAJA 15UN (XD)",
        "Uom": "UN"
      },
      {
        "MaterialCode": "R310438",
        "Quantity": 3.0000,
        "UnitPrice": 35948.0000,
        "RequestedDate": "2026-03-11",
        "Description": "SKU-SNACK TIKA NATURAL CHIPS-FURIOSA ESTANDAR 100GR CAJA 22UN (XD)",
        "Uom": "UN"
      },
      {
        "MaterialCode": "R310456",
        "Quantity": 1.0000,
        "UnitPrice": 21888.0000,
        "RequestedDate": "2026-03-11",
        "Description": "SKU-CHOCOLATE M\u0026M MANTEQUILLA MANI 127GR CAJA 8UN (XD).",
        "Uom": "UN"
      },
      {
        "MaterialCode": "R310457",
        "Quantity": 1.0000,
        "UnitPrice": 21633.0000,
        "RequestedDate": "2026-03-11",
        "Description": "SKU-GALLETA OREO VAINILLA 108GR CAJA 30UN (XD).",
        "Uom": "UN"
      },
      {
        "MaterialCode": "R310471",
        "Quantity": 4.0000,
        "UnitPrice": 29349.0000,
        "RequestedDate": "2026-03-11",
        "Description": "SKU-GALLETAS BISCUIT CHIP CHOCOLATE S/AZUCAR 145GR CAJA 24UN (XD)",
        "Uom": "UN"
      },
      {
        "MaterialCode": "R310551",
        "Quantity": 1.0000,
        "UnitPrice": 20004.0000,
        "RequestedDate": "2026-03-11",
        "Description": "SKU-CARAMELO FLOPI CEREZA S/AZUCAR 40GR DISPLAY 12UN (XD)",
        "Uom": "UN"
      },
      {
        "MaterialCode": "R310552",
        "Quantity": 1.0000,
        "UnitPrice": 20004.0000,
        "RequestedDate": "2026-03-11",
        "Description": "SKU-CARAMELO FLOPI MULTIFRUTA S/AZUCAR 40GR DISPLAY 12UN (XD)",
        "Uom": "UN"
      },
      {
        "MaterialCode": "R310560",
        "Quantity": 2.0000,
        "UnitPrice": 15600.0000,
        "RequestedDate": "2026-03-11",
        "Description": "SKU-BEBIDA GINGER BLESS MARACUYA LATA 310ML DISPLAY 12UN (XD)",
        "Uom": "UN"
      },
      {
        "MaterialCode": "R310644",
        "Quantity": 1.0000,
        "UnitPrice": 24342.0000,
        "RequestedDate": "2026-03-11",
        "Description": "SKU-CHOCOLATE MILKY WAY SINGLE 48GR DISPLAY 24UN (XD)",
        "Uom": "UN"
      },
      {
        "MaterialCode": "R310815",
        "Quantity": 3.0000,
        "UnitPrice": 70000.0000,
        "RequestedDate": "2026-03-11",
        "Description": "SKU-SNACK MIX EXTRA NUTS SALADO TNOGAL 125G CAJA 40UN (XD)",
        "Uom": "UN"
      },
      {
        "MaterialCode": "R310842",
        "Quantity": 2.0000,
        "UnitPrice": 34003.0000,
        "RequestedDate": "2026-03-11",
        "Description": "SKU-CHOCOLATE COSTA RAMA BLANCO 115GR CAJA 16UN (XD)",
        "Uom": "UN"
      },
      {
        "MaterialCode": "R310843",
        "Quantity": 1.0000,
        "UnitPrice": 24083.0000,
        "RequestedDate": "2026-03-11",
        "Description": "SKU-GOMITAS AMBROSOLI LOOP 90G DISPLAY 30UN (XD)",
        "Uom": "UN"
      },
      {
        "MaterialCode": "R310845",
        "Quantity": 2.0000,
        "UnitPrice": 39748.0000,
        "RequestedDate": "2026-03-11",
        "Description": "SKU-CHOCOLATE ESTUCHE COSTA VIZZIO XL 360GR CAJA 8UN (XD)",
        "Uom": "UN"
      },
      {
        "MaterialCode": "R311125",
        "Quantity": 3.0000,
        "UnitPrice": 22397.0000,
        "RequestedDate": "2026-03-11",
        "Description": "SKU-SNACK  SIN GLUTEN TOMATE ALBAHACA 100GR UN (XD)",
        "Uom": "UN"
      },
      {
        "MaterialCode": "R311172",
        "Quantity": 1.0000,
        "UnitPrice": 5751.0000,
        "RequestedDate": "2026-03-11",
        "Description": "SKU-CHOCOLATE ARCOR ROCKLETS 30GR DISPLAY 18UN (XD)",
        "Uom": "UN"
      },
      {
        "MaterialCode": "R311417",
        "Quantity": 2.0000,
        "UnitPrice": 18378.0000,
        "RequestedDate": "2026-03-11",
        "Description": "SKU-JUGO IND CITRIC NARANJA MANGO 500ML CAJA 12UN (XD)",
        "Uom": "UN"
      },
      {
        "MaterialCode": "R311418",
        "Quantity": 2.0000,
        "UnitPrice": 14100.0000,
        "RequestedDate": "2026-03-11",
        "Description": "SKU-JUGO IND CITRIC LIMONADA MENTA 500ML CAJA 12UN (XD)",
        "Uom": "UN"
      },
      {
        "MaterialCode": "R311708",
        "Quantity": 10.0000,
        "UnitPrice": 22894.0000,
        "RequestedDate": "2026-03-11",
        "Description": "SKU-SNACK DETODITO 275GR CAJA 11UN EVERSCRISP (XD)",
        "Uom": "UN"
      },
      {
        "MaterialCode": "R311709",
        "Quantity": 1.0000,
        "UnitPrice": 25971.0000,
        "RequestedDate": "2026-03-11",
        "Description": "SKU-PAPA FRITA LAYS T/AMERICANO 330GR CAJA 9UN (XD)",
        "Uom": "UN"
      },
      {
        "MaterialCode": "R312295",
        "Quantity": 2.0000,
        "UnitPrice": 48040.0000,
        "RequestedDate": "2026-03-11",
        "Description": "SKU-CHEETOS PALITO EVERCRISP 64GR CAJA 66UN (XD)",
        "Uom": "UN"
      },
      {
        "MaterialCode": "R312297",
        "Quantity": 2.0000,
        "UnitPrice": 15285.3800,
        "RequestedDate": "2026-03-11",
        "Description": "SKU-SNACK DETODITO QUESO 64GR CAJA 21UN EVERSCRISP (XD)",
        "Uom": "UN"
      }
    ]
  }
}
Response Status: 400 Bad Request
Response Headers:
  Transfer-Encoding: chunked
  Server: Microsoft-IIS/10.0
  X-Powered-By: ASP.NET
  Date: Thu, 19 Mar 2026 20:12:33 GMT
Response Content Headers:
  Content-Type: application/problem+json; charset=utf-8
Response Body: {"type":"https://tools.ietf.org/html/rfc7231#section-6.5.1","title":"Bad Request","status":400,"traceId":"00-d3053b26ab72a64fd22e9ea7ae3c3d46-891c4f89571f44e1-00"}
-----
Timestamp: 2026-03-19T20:53:50.7545721Z
CorrelationId: 66f3f9ae-09e5-42dc-9624-3c7d73b2e2c1
Request URL: https://qa.keylogistics.cl/CRMAPI-QA/api/Integracion
Request Headers:
  APIKEY: [REDACTED]
  X-Correlation-ID: 66f3f9ae-09e5-42dc-9624-3c7d73b2e2c1
Payload: {
  "Modulo": "68073e0e748c6a204f601daa70f63f7c",
  "Parametros": {
    "OrderNumber": "10835010",
    "SupplierCode": "76024",
    "OrderDate": "2026-03-03",
    "DeliveryDate": "2026-03-11",
    "PaymentCondition": "D",
    "DeliveryLocationCode": "30004",
    "InvoiceLocationCode": "30004",
    "BillingLocationCode": "30004",
    "Notes": "31755//12-3-2026//BOD.CAMPAMENTO VCA-ESC",
    "Items": [
      {
        "MaterialCode": "R044305",
        "Quantity": 3.0000,
        "UnitPrice": 41214.0000,
        "RequestedDate": "2026-03-11",
        "Description": "SKU-CARAMELOS MASTICABLES STARBURST FRUIT 59GR CAJA 36UN (XD)",
        "Uom": "UN"
      },
      {
        "MaterialCode": "R046525",
        "Quantity": 2.0000,
        "UnitPrice": 21244.0000,
        "RequestedDate": "2026-03-11",
        "Description": "SKU-GALLETA COSTA GRETTELL CHOCOLATE 85GR CAJA 24UN (XD)",
        "Uom": "UN"
      },
      {
        "MaterialCode": "R091695",
        "Quantity": 4.0000,
        "UnitPrice": 6904.0000,
        "RequestedDate": "2026-03-11",
        "Description": "SKU-GALLETA DE SODA COSTA 54GR CAJA 27UN (XD)",
        "Uom": "UN"
      },
      {
        "MaterialCode": "R095026",
        "Quantity": 2.0000,
        "UnitPrice": 8617.0000,
        "RequestedDate": "2026-03-11",
        "Description": "SKU-TURRON ARCOR MANI 45GR CAJA 28UN (XD)",
        "Uom": "UN"
      },
      {
        "MaterialCode": "R101127",
        "Quantity": 3.0000,
        "UnitPrice": 5215.0000,
        "RequestedDate": "2026-03-11",
        "Description": "SKU-BOMBON COSTA VIZZIO 432GR DISPLAY 45UN (XD)",
        "Uom": "UN"
      },
      {
        "MaterialCode": "R251259",
        "Quantity": 1.0000,
        "UnitPrice": 48686.0000,
        "RequestedDate": "2026-03-11",
        "Description": "SKU-M\u0026M PEANUT SINGLES 48GR DISPLAY 48UN (XD)",
        "Uom": "UN"
      },
      {
        "MaterialCode": "R251266",
        "Quantity": 1.0000,
        "UnitPrice": 36525.0000,
        "RequestedDate": "2026-03-11",
        "Description": "SKU-M\u0026M PLAIN SINGLES 48GR DISPLAY 36UN (XD)",
        "Uom": "UN"
      },
      {
        "MaterialCode": "R251334",
        "Quantity": 3.0000,
        "UnitPrice": 36515.0000,
        "RequestedDate": "2026-03-11",
        "Description": "SKU-TWIX SINGLE 57GR DISPLAY 36UN (XD)",
        "Uom": "UN"
      },
      {
        "MaterialCode": "R251341",
        "Quantity": 6.0000,
        "UnitPrice": 48686.0000,
        "RequestedDate": "2026-03-11",
        "Description": "SKU-CHOCOLATE SNICKERS SINGLE 53GR DISPLAY 48UN (XD)",
        "Uom": "UN"
      },
      {
        "MaterialCode": "R253833",
        "Quantity": 4.0000,
        "UnitPrice": 7770.0000,
        "RequestedDate": "2026-03-11",
        "Description": "SKU-CHOCOLATE TRENCITO 24GR DISPLAY 30 UN NESTLE (XD)",
        "Uom": "UN"
      },
      {
        "MaterialCode": "R273435",
        "Quantity": 3.0000,
        "UnitPrice": 22041.0000,
        "RequestedDate": "2026-03-11",
        "Description": "SKU-CHOCOLATE COSTA ROLLS CRISPY 130GR CAJA 15UN (XD)",
        "Uom": "UN"
      },
      {
        "MaterialCode": "R281485",
        "Quantity": 1.0000,
        "UnitPrice": 12240.0000,
        "RequestedDate": "2026-03-11",
        "Description": "SKU-GALLETA TRITON MCKAY VAINILLA 129GR CAJA 30UN (XD)",
        "Uom": "UN"
      },
      {
        "MaterialCode": "R287036",
        "Quantity": 3.0000,
        "UnitPrice": 25256.0000,
        "RequestedDate": "2026-03-11",
        "Description": "SKU-PAPAS FRITAS LAYS STAX CHEDDAR 172GR CAJA 14UN EVERCRISP (XD)",
        "Uom": "UN"
      },
      {
        "MaterialCode": "R287043",
        "Quantity": 4.0000,
        "UnitPrice": 25256.0000,
        "RequestedDate": "2026-03-11",
        "Description": "SKU-PAPAS FRITAS LAYS STAX ORIGINAL 172GR CAJA 14UN EVERCRISP (XD)",
        "Uom": "UN"
      },
      {
        "MaterialCode": "R290128",
        "Quantity": 1.0000,
        "UnitPrice": 71424.0000,
        "RequestedDate": "2026-03-11",
        "Description": "SKU-CHOCOLATE PRESTIGIO 35GR CAJA 192UN NESTLE (XD)",
        "Uom": "UN"
      },
      {
        "MaterialCode": "R302791",
        "Quantity": 1.0000,
        "UnitPrice": 21244.0000,
        "RequestedDate": "2026-03-11",
        "Description": "SKU-GALLETA COSTA GRETTEL YOGHURT FRUTILLA 85GR CAJA 24UN (XD)",
        "Uom": "UN"
      },
      {
        "MaterialCode": "R303602",
        "Quantity": 1.0000,
        "UnitPrice": 11326.0000,
        "RequestedDate": "2026-03-11",
        "Description": "SKU-GALLETON AVENA BERRIES ECOVIDA 40GR CAJA 24UN (XD)",
        "Uom": "UN"
      },
      {
        "MaterialCode": "R303607",
        "Quantity": 1.0000,
        "UnitPrice": 39969.0000,
        "RequestedDate": "2026-03-11",
        "Description": "SKU-GALLETAS EMPAREDADOS DE CIRUELA ECOVIDA 150GR CAJA 30UN (XD)",
        "Uom": "UN"
      },
      {
        "MaterialCode": "R303610",
        "Quantity": 2.0000,
        "UnitPrice": 39969.0000,
        "RequestedDate": "2026-03-11",
        "Description": "SKU-GALLETAS EMPAREDADOS DE HIGO S/AZUCAR ECOVIDA 150GR CAJA 30UN (XD)",
        "Uom": "UN"
      },
      {
        "MaterialCode": "R304879",
        "Quantity": 5.0000,
        "UnitPrice": 12542.0000,
        "RequestedDate": "2026-03-11",
        "Description": "SKU-CARAMELOS AMBROSOLI FULL LIMON 27GR CAJA 60UN (XD)",
        "Uom": "UN"
      },
      {
        "MaterialCode": "R305104",
        "Quantity": 7.0000,
        "UnitPrice": 16492.0000,
        "RequestedDate": "2026-03-11",
        "Description": "SKU-SUPLEMENTO PROTEIN SNACK TWENTYS LEMON CHEESECAKE 60GR DISPLAY 12UN (XD)",
        "Uom": "UN"
      },
      {
        "MaterialCode": "R305163",
        "Quantity": 5.0000,
        "UnitPrice": 45897.0000,
        "RequestedDate": "2026-03-11",
        "Description": "SKU-CHOCOLATE COSTA NUSS 250GR DISPLAY 15UN (XD)",
        "Uom": "UN"
      },
      {
        "MaterialCode": "R307011",
        "Quantity": 3.0000,
        "UnitPrice": 14697.0000,
        "RequestedDate": "2026-03-11",
        "Description": "SKU-SUPLEMENTO PROTEIN BARRA CHOCOLATE 45GR DISPLAY 16UN (XD)",
        "Uom": "UN"
      },
      {
        "MaterialCode": "R307020",
        "Quantity": 3.0000,
        "UnitPrice": 28062.0000,
        "RequestedDate": "2026-03-11",
        "Description": "SKU-GALLETA CHOCOLATE FRUTILLA SIN AZUCAR\u00A0225GR CAJA 20UN ECOVIDA (XD)",
        "Uom": "UN"
      },
      {
        "MaterialCode": "R307327",
        "Quantity": 1.0000,
        "UnitPrice": 16512.0000,
        "RequestedDate": "2026-03-11",
        "Description": "SKU-GALLETA COSTA COCO TUAREG 120GR CAJA 35UN (XD)",
        "Uom": "UN"
      },
      {
        "MaterialCode": "R308732",
        "Quantity": 18.0000,
        "UnitPrice": 19714.0000,
        "RequestedDate": "2026-03-11",
        "Description": "SKU-CHICLE ORBIT BUBBLEMINT S/AZUCAR 64GR DISPLAY 6UN (SS) (XD)",
        "Uom": "UN"
      },
      {
        "MaterialCode": "R308736",
        "Quantity": 1.0000,
        "UnitPrice": 23429.0000,
        "RequestedDate": "2026-03-11",
        "Description": "SKU-CHOCOLATE MILKA LECHE 55GR DISPLAY 21UN (XD)",
        "Uom": "UN"
      },
      {
        "MaterialCode": "R308739",
        "Quantity": 1.0000,
        "UnitPrice": 18378.0000,
        "RequestedDate": "2026-03-11",
        "Description": "SKU-JUGO NATURAL IND CITRIC NARANJA 500ML CAJA 12UN (XD)",
        "Uom": "UN"
      },
      {
        "MaterialCode": "R308971",
        "Quantity": 4.0000,
        "UnitPrice": 15172.0000,
        "RequestedDate": "2026-03-11",
        "Description": "SKU-JUGO BLESS MARACUYA/NARANJA/PINA/MANZANA/LIMON 300CC CAJA 12UN (SS) (XD)",
        "Uom": "UN"
      },
      {
        "MaterialCode": "R308973",
        "Quantity": 1.0000,
        "UnitPrice": 15172.0000,
        "RequestedDate": "2026-03-11",
        "Description": "SKU-JUGO BLESS PEPINO/ESPIRUL/MANZANA/PI\u00D1A/JENGIBRE/LIMON 300CC CAJA 12UN (XD)",
        "Uom": "UN"
      },
      {
        "MaterialCode": "R309051",
        "Quantity": 5.0000,
        "UnitPrice": 16622.0000,
        "RequestedDate": "2026-03-11",
        "Description": "SKU-CHEETOS PALITOS 110GR CAJA 15UN EVERSCRISP (XD)",
        "Uom": "UN"
      },
      {
        "MaterialCode": "R309067",
        "Quantity": 2.0000,
        "UnitPrice": 56184.0000,
        "RequestedDate": "2026-03-11",
        "Description": "SKU-CHOCOLATE ESTUCHE COSTA VIZZIO 120GR CAJA 34UN (XD)",
        "Uom": "UN"
      },
      {
        "MaterialCode": "R309093",
        "Quantity": 1.0000,
        "UnitPrice": 47070.0000,
        "RequestedDate": "2026-03-11",
        "Description": "SKU-GALLETA ARCOR BON O BON 95GR CAJA 36UN (XD)",
        "Uom": "UN"
      },
      {
        "MaterialCode": "R309097",
        "Quantity": 6.0000,
        "UnitPrice": 16578.0000,
        "RequestedDate": "2026-03-11",
        "Description": "SKU-CHEEZELS EVERCRISP 100GR CAJA 16UN (XD)",
        "Uom": "UN"
      },
      {
        "MaterialCode": "R309146",
        "Quantity": 1.0000,
        "UnitPrice": 31430.0000,
        "RequestedDate": "2026-03-11",
        "Description": "SKU-CHOCOLATE NESTLE TRENCITO 150GR CAJA 14UN (XD)",
        "Uom": "UN"
      },
      {
        "MaterialCode": "R309147",
        "Quantity": 2.0000,
        "UnitPrice": 49939.0000,
        "RequestedDate": "2026-03-11",
        "Description": "SKU-CHOCOLATE NESTLE KIT KAT 41,5GR CAJA 96UN (XD)",
        "Uom": "UN"
      },
      {
        "MaterialCode": "R309265",
        "Quantity": 1.0000,
        "UnitPrice": 15470.0000,
        "RequestedDate": "2026-03-11",
        "Description": "SKU-SNACK MIX TENTACION 50GR CAJA 20UN (XD)",
        "Uom": "UN"
      },
      {
        "MaterialCode": "R309432",
        "Quantity": 3.0000,
        "UnitPrice": 9093.0000,
        "RequestedDate": "2026-03-11",
        "Description": "SKU-CHIPS DE VEGETALES TIKA FURIOSAS 35GR CAJA 15UN (XD).",
        "Uom": "UN"
      },
      {
        "MaterialCode": "R309456",
        "Quantity": 3.0000,
        "UnitPrice": 18911.0000,
        "RequestedDate": "2026-03-11",
        "Description": "SKU-CHICLE ORBIT MENTA DISPLAY 30UN (XD).",
        "Uom": "UN"
      },
      {
        "MaterialCode": "R309457",
        "Quantity": 7.0000,
        "UnitPrice": 18911.0000,
        "RequestedDate": "2026-03-11",
        "Description": "SKU-CHICLE ORBIT EUCALIPTUS DISPLAY 30UN (XD).",
        "Uom": "UN"
      },
      {
        "MaterialCode": "R309458",
        "Quantity": 1.0000,
        "UnitPrice": 18911.0000,
        "RequestedDate": "2026-03-11",
        "Description": "SKU-CHICLE ORBIT HIERBABUENA DISPLAY 30UN (XD).",
        "Uom": "UN"
      },
      {
        "MaterialCode": "R309620",
        "Quantity": 5.0000,
        "UnitPrice": 19714.0000,
        "RequestedDate": "2026-03-11",
        "Description": "SKU-CHICLE ORBIT HIERBABUENA S/AZUCAR 64GR DISPLAY 6UN (SS) (XD)",
        "Uom": "UN"
      },
      {
        "MaterialCode": "R309661",
        "Quantity": 11.0000,
        "UnitPrice": 24387.0000,
        "RequestedDate": "2026-03-11",
        "Description": "SKU-RAMITAS SALADAS EVERCRISP 230GR CAJA 16UN (XD)",
        "Uom": "UN"
      },
      {
        "MaterialCode": "R309761",
        "Quantity": 3.0000,
        "UnitPrice": 33780.0000,
        "RequestedDate": "2026-03-11",
        "Description": "SKU-CHOCOLATE M\u0026M PEANUT 141,8GR CAJA 12UN (XD)",
        "Uom": "UN"
      },
      {
        "MaterialCode": "R309762",
        "Quantity": 2.0000,
        "UnitPrice": 5794.0000,
        "RequestedDate": "2026-03-11",
        "Description": "SKU-CHICLE BIGTIME MENTA 11GR DISPLAY 20UN (XD)",
        "Uom": "UN"
      },
      {
        "MaterialCode": "R309763",
        "Quantity": 11.0000,
        "UnitPrice": 6084.0000,
        "RequestedDate": "2026-03-11",
        "Description": "SKU-CHICLE BIGTIME STRONG 11GR DISPLAY 20UN (SS) (XD)",
        "Uom": "UN"
      },
      {
        "MaterialCode": "R309764",
        "Quantity": 4.0000,
        "UnitPrice": 6084.0000,
        "RequestedDate": "2026-03-11",
        "Description": "SKU-CHICLE BIGTIME SANDIA 11GR DISPLAY 20UN (SS) (XD)",
        "Uom": "UN"
      },
      {
        "MaterialCode": "R309765",
        "Quantity": 47.0000,
        "UnitPrice": 6084.0000,
        "RequestedDate": "2026-03-11",
        "Description": "SKU-CHICLE BIGTIME REFRESCANTE 11GR DISPLAY 20UN (SS) (XD)",
        "Uom": "UN"
      },
      {
        "MaterialCode": "R309876",
        "Quantity": 2.0000,
        "UnitPrice": 23730.0000,
        "RequestedDate": "2026-03-11",
        "Description": "SKU-ALFAJOR ARTESANAL CACAO NEGRO 55GR CAJA 30UN (XD)",
        "Uom": "UN"
      },
      {
        "MaterialCode": "R309913",
        "Quantity": 2.0000,
        "UnitPrice": 8342.0000,
        "RequestedDate": "2026-03-11",
        "Description": "SKU-CHICLE TRIDENT INFINITI PEPPERMINT S/AZUCAR 26,6GR DISPLAY 12UN (SS) (XD)",
        "Uom": "UN"
      },
      {
        "MaterialCode": "R309920",
        "Quantity": 2.0000,
        "UnitPrice": 9270.0000,
        "RequestedDate": "2026-03-11",
        "Description": "SKU-CHICLE TRIDENT INFINITI PEPPERMINT S/AZUCAR 26,6GR DISPLAY 12UN (SS) (XD).",
        "Uom": "UN"
      },
      {
        "MaterialCode": "R310215",
        "Quantity": 5.0000,
        "UnitPrice": 17753.0000,
        "RequestedDate": "2026-03-11",
        "Description": "SKU-PAPA FRITA LAYS T/AMERICANO 200GR CAJA 12UN",
        "Uom": "UN"
      },
      {
        "MaterialCode": "R310342",
        "Quantity": 2.0000,
        "UnitPrice": 12600.0000,
        "RequestedDate": "2026-03-11",
        "Description": "SKU-AGUA SABORIZADA UNIKO MANZANA S/GAS 310ML CAJA 12UN (SS) (XD)",
        "Uom": "UN"
      },
      {
        "MaterialCode": "R310345",
        "Quantity": 1.0000,
        "UnitPrice": 12600.0000,
        "RequestedDate": "2026-03-11",
        "Description": "SKU-AGUA SABORIZADA UNIKO CRANBERRY C/GAS 310ML CAJA 12UN (SS) (XD)",
        "Uom": "UN"
      },
      {
        "MaterialCode": "R310393",
        "Quantity": 12.0000,
        "UnitPrice": 10756.0000,
        "RequestedDate": "2026-03-11",
        "Description": "SKU-SNACK MANI JAPONES 100G CAJA 16UN (XD)",
        "Uom": "UN"
      },
      {
        "MaterialCode": "R310394",
        "Quantity": 1.0000,
        "UnitPrice": 14928.0000,
        "RequestedDate": "2026-03-11",
        "Description": "SKU-PAPAS FRITAS CASERAS IND 42GR CAJA 54UN MARCO POLO (XD)",
        "Uom": "UN"
      },
      {
        "MaterialCode": "R310430",
        "Quantity": 4.0000,
        "UnitPrice": 17584.0000,
        "RequestedDate": "2026-03-11",
        "Description": "SKU-GALLETA CRIOLLITA 80GR CAJA 28UN MCKAY (XD)",
        "Uom": "UN"
      },
      {
        "MaterialCode": "R310436",
        "Quantity": 5.0000,
        "UnitPrice": 21860.0000,
        "RequestedDate": "2026-03-11",
        "Description": "SKU-SNACK TIKA NATURAL CHIPS-CEBOLLITA DULCE 150GR CAJA 15UN (XD)",
        "Uom": "UN"
      },
      {
        "MaterialCode": "R310438",
        "Quantity": 3.0000,
        "UnitPrice": 35948.0000,
        "RequestedDate": "2026-03-11",
        "Description": "SKU-SNACK TIKA NATURAL CHIPS-FURIOSA ESTANDAR 100GR CAJA 22UN (XD)",
        "Uom": "UN"
      },
      {
        "MaterialCode": "R310456",
        "Quantity": 1.0000,
        "UnitPrice": 21888.0000,
        "RequestedDate": "2026-03-11",
        "Description": "SKU-CHOCOLATE M\u0026M MANTEQUILLA MANI 127GR CAJA 8UN (XD).",
        "Uom": "UN"
      },
      {
        "MaterialCode": "R310457",
        "Quantity": 1.0000,
        "UnitPrice": 21633.0000,
        "RequestedDate": "2026-03-11",
        "Description": "SKU-GALLETA OREO VAINILLA 108GR CAJA 30UN (XD).",
        "Uom": "UN"
      },
      {
        "MaterialCode": "R310471",
        "Quantity": 4.0000,
        "UnitPrice": 29349.0000,
        "RequestedDate": "2026-03-11",
        "Description": "SKU-GALLETAS BISCUIT CHIP CHOCOLATE S/AZUCAR 145GR CAJA 24UN (XD)",
        "Uom": "UN"
      },
      {
        "MaterialCode": "R310551",
        "Quantity": 1.0000,
        "UnitPrice": 20004.0000,
        "RequestedDate": "2026-03-11",
        "Description": "SKU-CARAMELO FLOPI CEREZA S/AZUCAR 40GR DISPLAY 12UN (XD)",
        "Uom": "UN"
      },
      {
        "MaterialCode": "R310552",
        "Quantity": 1.0000,
        "UnitPrice": 20004.0000,
        "RequestedDate": "2026-03-11",
        "Description": "SKU-CARAMELO FLOPI MULTIFRUTA S/AZUCAR 40GR DISPLAY 12UN (XD)",
        "Uom": "UN"
      },
      {
        "MaterialCode": "R310560",
        "Quantity": 2.0000,
        "UnitPrice": 15600.0000,
        "RequestedDate": "2026-03-11",
        "Description": "SKU-BEBIDA GINGER BLESS MARACUYA LATA 310ML DISPLAY 12UN (XD)",
        "Uom": "UN"
      },
      {
        "MaterialCode": "R310644",
        "Quantity": 1.0000,
        "UnitPrice": 24342.0000,
        "RequestedDate": "2026-03-11",
        "Description": "SKU-CHOCOLATE MILKY WAY SINGLE 48GR DISPLAY 24UN (XD)",
        "Uom": "UN"
      },
      {
        "MaterialCode": "R310815",
        "Quantity": 3.0000,
        "UnitPrice": 70000.0000,
        "RequestedDate": "2026-03-11",
        "Description": "SKU-SNACK MIX EXTRA NUTS SALADO TNOGAL 125G CAJA 40UN (XD)",
        "Uom": "UN"
      },
      {
        "MaterialCode": "R310842",
        "Quantity": 2.0000,
        "UnitPrice": 34003.0000,
        "RequestedDate": "2026-03-11",
        "Description": "SKU-CHOCOLATE COSTA RAMA BLANCO 115GR CAJA 16UN (XD)",
        "Uom": "UN"
      },
      {
        "MaterialCode": "R310843",
        "Quantity": 1.0000,
        "UnitPrice": 24083.0000,
        "RequestedDate": "2026-03-11",
        "Description": "SKU-GOMITAS AMBROSOLI LOOP 90G DISPLAY 30UN (XD)",
        "Uom": "UN"
      },
      {
        "MaterialCode": "R310845",
        "Quantity": 2.0000,
        "UnitPrice": 39748.0000,
        "RequestedDate": "2026-03-11",
        "Description": "SKU-CHOCOLATE ESTUCHE COSTA VIZZIO XL 360GR CAJA 8UN (XD)",
        "Uom": "UN"
      },
      {
        "MaterialCode": "R311125",
        "Quantity": 3.0000,
        "UnitPrice": 22397.0000,
        "RequestedDate": "2026-03-11",
        "Description": "SKU-SNACK  SIN GLUTEN TOMATE ALBAHACA 100GR UN (XD)",
        "Uom": "UN"
      },
      {
        "MaterialCode": "R311172",
        "Quantity": 1.0000,
        "UnitPrice": 5751.0000,
        "RequestedDate": "2026-03-11",
        "Description": "SKU-CHOCOLATE ARCOR ROCKLETS 30GR DISPLAY 18UN (XD)",
        "Uom": "UN"
      },
      {
        "MaterialCode": "R311417",
        "Quantity": 2.0000,
        "UnitPrice": 18378.0000,
        "RequestedDate": "2026-03-11",
        "Description": "SKU-JUGO IND CITRIC NARANJA MANGO 500ML CAJA 12UN (XD)",
        "Uom": "UN"
      },
      {
        "MaterialCode": "R311418",
        "Quantity": 2.0000,
        "UnitPrice": 14100.0000,
        "RequestedDate": "2026-03-11",
        "Description": "SKU-JUGO IND CITRIC LIMONADA MENTA 500ML CAJA 12UN (XD)",
        "Uom": "UN"
      },
      {
        "MaterialCode": "R311708",
        "Quantity": 10.0000,
        "UnitPrice": 22894.0000,
        "RequestedDate": "2026-03-11",
        "Description": "SKU-SNACK DETODITO 275GR CAJA 11UN EVERSCRISP (XD)",
        "Uom": "UN"
      },
      {
        "MaterialCode": "R311709",
        "Quantity": 1.0000,
        "UnitPrice": 25971.0000,
        "RequestedDate": "2026-03-11",
        "Description": "SKU-PAPA FRITA LAYS T/AMERICANO 330GR CAJA 9UN (XD)",
        "Uom": "UN"
      },
      {
        "MaterialCode": "R312295",
        "Quantity": 2.0000,
        "UnitPrice": 48040.0000,
        "RequestedDate": "2026-03-11",
        "Description": "SKU-CHEETOS PALITO EVERCRISP 64GR CAJA 66UN (XD)",
        "Uom": "UN"
      },
      {
        "MaterialCode": "R312297",
        "Quantity": 2.0000,
        "UnitPrice": 15285.3800,
        "RequestedDate": "2026-03-11",
        "Description": "SKU-SNACK DETODITO QUESO 64GR CAJA 21UN EVERSCRISP (XD)",
        "Uom": "UN"
      }
    ]
  }
}
Response Status: 400 Bad Request
Response Headers:
  Transfer-Encoding: chunked
  Server: Microsoft-IIS/10.0
  X-Powered-By: ASP.NET
  Date: Thu, 19 Mar 2026 20:55:57 GMT
Response Content Headers:
  Content-Type: application/problem+json; charset=utf-8
Response Body: {"type":"https://tools.ietf.org/html/rfc7231#section-6.5.1","title":"Bad Request","status":400,"traceId":"00-941c98904ed55f6c9b6602639fbcd958-729ae8049401a9a0-00"}
-----
Timestamp: 2026-03-19T21:19:19.3290598Z
CorrelationId: 1e7947b1-b7ab-4c66-86d0-2238df399a7e
Request URL: https://qa.keylogistics.cl/CRMAPI-QA/api/Integracion
Request Headers:
  APIKEY: [REDACTED]
  X-Correlation-ID: 1e7947b1-b7ab-4c66-86d0-2238df399a7e
Payload: {
  "Modulo": "68073e0e748c6a204f601daa70f63f7c",
  "Parametros": {
    "OrderNumber": "10835010",
    "SupplierCode": "76024",
    "OrderDate": "2026-03-03",
    "DeliveryDate": "2026-03-11",
    "PaymentCondition": "D",
    "DeliveryLocationCode": "30004",
    "InvoiceLocationCode": "30004",
    "BillingLocationCode": "30004",
    "Notes": "31755//12-3-2026//BOD.CAMPAMENTO VCA-ESC",
    "Items": [
      {
        "MaterialCode": "R044305",
        "Quantity": 3.0000,
        "UnitPrice": 41214.0000,
        "RequestedDate": "2026-03-11",
        "Description": "SKU-CARAMELOS MASTICABLES STARBURST FRUIT 59GR CAJA 36UN (XD)",
        "Uom": "UN"
      },
      {
        "MaterialCode": "R046525",
        "Quantity": 2.0000,
        "UnitPrice": 21244.0000,
        "RequestedDate": "2026-03-11",
        "Description": "SKU-GALLETA COSTA GRETTELL CHOCOLATE 85GR CAJA 24UN (XD)",
        "Uom": "UN"
      },
      {
        "MaterialCode": "R091695",
        "Quantity": 4.0000,
        "UnitPrice": 6904.0000,
        "RequestedDate": "2026-03-11",
        "Description": "SKU-GALLETA DE SODA COSTA 54GR CAJA 27UN (XD)",
        "Uom": "UN"
      },
      {
        "MaterialCode": "R095026",
        "Quantity": 2.0000,
        "UnitPrice": 8617.0000,
        "RequestedDate": "2026-03-11",
        "Description": "SKU-TURRON ARCOR MANI 45GR CAJA 28UN (XD)",
        "Uom": "UN"
      },
      {
        "MaterialCode": "R101127",
        "Quantity": 3.0000,
        "UnitPrice": 5215.0000,
        "RequestedDate": "2026-03-11",
        "Description": "SKU-BOMBON COSTA VIZZIO 432GR DISPLAY 45UN (XD)",
        "Uom": "UN"
      },
      {
        "MaterialCode": "R251259",
        "Quantity": 1.0000,
        "UnitPrice": 48686.0000,
        "RequestedDate": "2026-03-11",
        "Description": "SKU-M\u0026M PEANUT SINGLES 48GR DISPLAY 48UN (XD)",
        "Uom": "UN"
      },
      {
        "MaterialCode": "R251266",
        "Quantity": 1.0000,
        "UnitPrice": 36525.0000,
        "RequestedDate": "2026-03-11",
        "Description": "SKU-M\u0026M PLAIN SINGLES 48GR DISPLAY 36UN (XD)",
        "Uom": "UN"
      },
      {
        "MaterialCode": "R251334",
        "Quantity": 3.0000,
        "UnitPrice": 36515.0000,
        "RequestedDate": "2026-03-11",
        "Description": "SKU-TWIX SINGLE 57GR DISPLAY 36UN (XD)",
        "Uom": "UN"
      },
      {
        "MaterialCode": "R251341",
        "Quantity": 6.0000,
        "UnitPrice": 48686.0000,
        "RequestedDate": "2026-03-11",
        "Description": "SKU-CHOCOLATE SNICKERS SINGLE 53GR DISPLAY 48UN (XD)",
        "Uom": "UN"
      },
      {
        "MaterialCode": "R253833",
        "Quantity": 4.0000,
        "UnitPrice": 7770.0000,
        "RequestedDate": "2026-03-11",
        "Description": "SKU-CHOCOLATE TRENCITO 24GR DISPLAY 30 UN NESTLE (XD)",
        "Uom": "UN"
      },
      {
        "MaterialCode": "R273435",
        "Quantity": 3.0000,
        "UnitPrice": 22041.0000,
        "RequestedDate": "2026-03-11",
        "Description": "SKU-CHOCOLATE COSTA ROLLS CRISPY 130GR CAJA 15UN (XD)",
        "Uom": "UN"
      },
      {
        "MaterialCode": "R281485",
        "Quantity": 1.0000,
        "UnitPrice": 12240.0000,
        "RequestedDate": "2026-03-11",
        "Description": "SKU-GALLETA TRITON MCKAY VAINILLA 129GR CAJA 30UN (XD)",
        "Uom": "UN"
      },
      {
        "MaterialCode": "R287036",
        "Quantity": 3.0000,
        "UnitPrice": 25256.0000,
        "RequestedDate": "2026-03-11",
        "Description": "SKU-PAPAS FRITAS LAYS STAX CHEDDAR 172GR CAJA 14UN EVERCRISP (XD)",
        "Uom": "UN"
      },
      {
        "MaterialCode": "R287043",
        "Quantity": 4.0000,
        "UnitPrice": 25256.0000,
        "RequestedDate": "2026-03-11",
        "Description": "SKU-PAPAS FRITAS LAYS STAX ORIGINAL 172GR CAJA 14UN EVERCRISP (XD)",
        "Uom": "UN"
      },
      {
        "MaterialCode": "R290128",
        "Quantity": 1.0000,
        "UnitPrice": 71424.0000,
        "RequestedDate": "2026-03-11",
        "Description": "SKU-CHOCOLATE PRESTIGIO 35GR CAJA 192UN NESTLE (XD)",
        "Uom": "UN"
      },
      {
        "MaterialCode": "R302791",
        "Quantity": 1.0000,
        "UnitPrice": 21244.0000,
        "RequestedDate": "2026-03-11",
        "Description": "SKU-GALLETA COSTA GRETTEL YOGHURT FRUTILLA 85GR CAJA 24UN (XD)",
        "Uom": "UN"
      },
      {
        "MaterialCode": "R303602",
        "Quantity": 1.0000,
        "UnitPrice": 11326.0000,
        "RequestedDate": "2026-03-11",
        "Description": "SKU-GALLETON AVENA BERRIES ECOVIDA 40GR CAJA 24UN (XD)",
        "Uom": "UN"
      },
      {
        "MaterialCode": "R303607",
        "Quantity": 1.0000,
        "UnitPrice": 39969.0000,
        "RequestedDate": "2026-03-11",
        "Description": "SKU-GALLETAS EMPAREDADOS DE CIRUELA ECOVIDA 150GR CAJA 30UN (XD)",
        "Uom": "UN"
      },
      {
        "MaterialCode": "R303610",
        "Quantity": 2.0000,
        "UnitPrice": 39969.0000,
        "RequestedDate": "2026-03-11",
        "Description": "SKU-GALLETAS EMPAREDADOS DE HIGO S/AZUCAR ECOVIDA 150GR CAJA 30UN (XD)",
        "Uom": "UN"
      },
      {
        "MaterialCode": "R304879",
        "Quantity": 5.0000,
        "UnitPrice": 12542.0000,
        "RequestedDate": "2026-03-11",
        "Description": "SKU-CARAMELOS AMBROSOLI FULL LIMON 27GR CAJA 60UN (XD)",
        "Uom": "UN"
      },
      {
        "MaterialCode": "R305104",
        "Quantity": 7.0000,
        "UnitPrice": 16492.0000,
        "RequestedDate": "2026-03-11",
        "Description": "SKU-SUPLEMENTO PROTEIN SNACK TWENTYS LEMON CHEESECAKE 60GR DISPLAY 12UN (XD)",
        "Uom": "UN"
      },
      {
        "MaterialCode": "R305163",
        "Quantity": 5.0000,
        "UnitPrice": 45897.0000,
        "RequestedDate": "2026-03-11",
        "Description": "SKU-CHOCOLATE COSTA NUSS 250GR DISPLAY 15UN (XD)",
        "Uom": "UN"
      },
      {
        "MaterialCode": "R307011",
        "Quantity": 3.0000,
        "UnitPrice": 14697.0000,
        "RequestedDate": "2026-03-11",
        "Description": "SKU-SUPLEMENTO PROTEIN BARRA CHOCOLATE 45GR DISPLAY 16UN (XD)",
        "Uom": "UN"
      },
      {
        "MaterialCode": "R307020",
        "Quantity": 3.0000,
        "UnitPrice": 28062.0000,
        "RequestedDate": "2026-03-11",
        "Description": "SKU-GALLETA CHOCOLATE FRUTILLA SIN AZUCAR\u00A0225GR CAJA 20UN ECOVIDA (XD)",
        "Uom": "UN"
      },
      {
        "MaterialCode": "R307327",
        "Quantity": 1.0000,
        "UnitPrice": 16512.0000,
        "RequestedDate": "2026-03-11",
        "Description": "SKU-GALLETA COSTA COCO TUAREG 120GR CAJA 35UN (XD)",
        "Uom": "UN"
      },
      {
        "MaterialCode": "R308732",
        "Quantity": 18.0000,
        "UnitPrice": 19714.0000,
        "RequestedDate": "2026-03-11",
        "Description": "SKU-CHICLE ORBIT BUBBLEMINT S/AZUCAR 64GR DISPLAY 6UN (SS) (XD)",
        "Uom": "UN"
      },
      {
        "MaterialCode": "R308736",
        "Quantity": 1.0000,
        "UnitPrice": 23429.0000,
        "RequestedDate": "2026-03-11",
        "Description": "SKU-CHOCOLATE MILKA LECHE 55GR DISPLAY 21UN (XD)",
        "Uom": "UN"
      },
      {
        "MaterialCode": "R308739",
        "Quantity": 1.0000,
        "UnitPrice": 18378.0000,
        "RequestedDate": "2026-03-11",
        "Description": "SKU-JUGO NATURAL IND CITRIC NARANJA 500ML CAJA 12UN (XD)",
        "Uom": "UN"
      },
      {
        "MaterialCode": "R308971",
        "Quantity": 4.0000,
        "UnitPrice": 15172.0000,
        "RequestedDate": "2026-03-11",
        "Description": "SKU-JUGO BLESS MARACUYA/NARANJA/PINA/MANZANA/LIMON 300CC CAJA 12UN (SS) (XD)",
        "Uom": "UN"
      },
      {
        "MaterialCode": "R308973",
        "Quantity": 1.0000,
        "UnitPrice": 15172.0000,
        "RequestedDate": "2026-03-11",
        "Description": "SKU-JUGO BLESS PEPINO/ESPIRUL/MANZANA/PI\u00D1A/JENGIBRE/LIMON 300CC CAJA 12UN (XD)",
        "Uom": "UN"
      },
      {
        "MaterialCode": "R309051",
        "Quantity": 5.0000,
        "UnitPrice": 16622.0000,
        "RequestedDate": "2026-03-11",
        "Description": "SKU-CHEETOS PALITOS 110GR CAJA 15UN EVERSCRISP (XD)",
        "Uom": "UN"
      },
      {
        "MaterialCode": "R309067",
        "Quantity": 2.0000,
        "UnitPrice": 56184.0000,
        "RequestedDate": "2026-03-11",
        "Description": "SKU-CHOCOLATE ESTUCHE COSTA VIZZIO 120GR CAJA 34UN (XD)",
        "Uom": "UN"
      },
      {
        "MaterialCode": "R309093",
        "Quantity": 1.0000,
        "UnitPrice": 47070.0000,
        "RequestedDate": "2026-03-11",
        "Description": "SKU-GALLETA ARCOR BON O BON 95GR CAJA 36UN (XD)",
        "Uom": "UN"
      },
      {
        "MaterialCode": "R309097",
        "Quantity": 6.0000,
        "UnitPrice": 16578.0000,
        "RequestedDate": "2026-03-11",
        "Description": "SKU-CHEEZELS EVERCRISP 100GR CAJA 16UN (XD)",
        "Uom": "UN"
      },
      {
        "MaterialCode": "R309146",
        "Quantity": 1.0000,
        "UnitPrice": 31430.0000,
        "RequestedDate": "2026-03-11",
        "Description": "SKU-CHOCOLATE NESTLE TRENCITO 150GR CAJA 14UN (XD)",
        "Uom": "UN"
      },
      {
        "MaterialCode": "R309147",
        "Quantity": 2.0000,
        "UnitPrice": 49939.0000,
        "RequestedDate": "2026-03-11",
        "Description": "SKU-CHOCOLATE NESTLE KIT KAT 41,5GR CAJA 96UN (XD)",
        "Uom": "UN"
      },
      {
        "MaterialCode": "R309265",
        "Quantity": 1.0000,
        "UnitPrice": 15470.0000,
        "RequestedDate": "2026-03-11",
        "Description": "SKU-SNACK MIX TENTACION 50GR CAJA 20UN (XD)",
        "Uom": "UN"
      },
      {
        "MaterialCode": "R309432",
        "Quantity": 3.0000,
        "UnitPrice": 9093.0000,
        "RequestedDate": "2026-03-11",
        "Description": "SKU-CHIPS DE VEGETALES TIKA FURIOSAS 35GR CAJA 15UN (XD).",
        "Uom": "UN"
      },
      {
        "MaterialCode": "R309456",
        "Quantity": 3.0000,
        "UnitPrice": 18911.0000,
        "RequestedDate": "2026-03-11",
        "Description": "SKU-CHICLE ORBIT MENTA DISPLAY 30UN (XD).",
        "Uom": "UN"
      },
      {
        "MaterialCode": "R309457",
        "Quantity": 7.0000,
        "UnitPrice": 18911.0000,
        "RequestedDate": "2026-03-11",
        "Description": "SKU-CHICLE ORBIT EUCALIPTUS DISPLAY 30UN (XD).",
        "Uom": "UN"
      },
      {
        "MaterialCode": "R309458",
        "Quantity": 1.0000,
        "UnitPrice": 18911.0000,
        "RequestedDate": "2026-03-11",
        "Description": "SKU-CHICLE ORBIT HIERBABUENA DISPLAY 30UN (XD).",
        "Uom": "UN"
      },
      {
        "MaterialCode": "R309620",
        "Quantity": 5.0000,
        "UnitPrice": 19714.0000,
        "RequestedDate": "2026-03-11",
        "Description": "SKU-CHICLE ORBIT HIERBABUENA S/AZUCAR 64GR DISPLAY 6UN (SS) (XD)",
        "Uom": "UN"
      },
      {
        "MaterialCode": "R309661",
        "Quantity": 11.0000,
        "UnitPrice": 24387.0000,
        "RequestedDate": "2026-03-11",
        "Description": "SKU-RAMITAS SALADAS EVERCRISP 230GR CAJA 16UN (XD)",
        "Uom": "UN"
      },
      {
        "MaterialCode": "R309761",
        "Quantity": 3.0000,
        "UnitPrice": 33780.0000,
        "RequestedDate": "2026-03-11",
        "Description": "SKU-CHOCOLATE M\u0026M PEANUT 141,8GR CAJA 12UN (XD)",
        "Uom": "UN"
      },
      {
        "MaterialCode": "R309762",
        "Quantity": 2.0000,
        "UnitPrice": 5794.0000,
        "RequestedDate": "2026-03-11",
        "Description": "SKU-CHICLE BIGTIME MENTA 11GR DISPLAY 20UN (XD)",
        "Uom": "UN"
      },
      {
        "MaterialCode": "R309763",
        "Quantity": 11.0000,
        "UnitPrice": 6084.0000,
        "RequestedDate": "2026-03-11",
        "Description": "SKU-CHICLE BIGTIME STRONG 11GR DISPLAY 20UN (SS) (XD)",
        "Uom": "UN"
      },
      {
        "MaterialCode": "R309764",
        "Quantity": 4.0000,
        "UnitPrice": 6084.0000,
        "RequestedDate": "2026-03-11",
        "Description": "SKU-CHICLE BIGTIME SANDIA 11GR DISPLAY 20UN (SS) (XD)",
        "Uom": "UN"
      },
      {
        "MaterialCode": "R309765",
        "Quantity": 47.0000,
        "UnitPrice": 6084.0000,
        "RequestedDate": "2026-03-11",
        "Description": "SKU-CHICLE BIGTIME REFRESCANTE 11GR DISPLAY 20UN (SS) (XD)",
        "Uom": "UN"
      },
      {
        "MaterialCode": "R309876",
        "Quantity": 2.0000,
        "UnitPrice": 23730.0000,
        "RequestedDate": "2026-03-11",
        "Description": "SKU-ALFAJOR ARTESANAL CACAO NEGRO 55GR CAJA 30UN (XD)",
        "Uom": "UN"
      },
      {
        "MaterialCode": "R309913",
        "Quantity": 2.0000,
        "UnitPrice": 8342.0000,
        "RequestedDate": "2026-03-11",
        "Description": "SKU-CHICLE TRIDENT INFINITI PEPPERMINT S/AZUCAR 26,6GR DISPLAY 12UN (SS) (XD)",
        "Uom": "UN"
      },
      {
        "MaterialCode": "R309920",
        "Quantity": 2.0000,
        "UnitPrice": 9270.0000,
        "RequestedDate": "2026-03-11",
        "Description": "SKU-CHICLE TRIDENT INFINITI PEPPERMINT S/AZUCAR 26,6GR DISPLAY 12UN (SS) (XD).",
        "Uom": "UN"
      },
      {
        "MaterialCode": "R310215",
        "Quantity": 5.0000,
        "UnitPrice": 17753.0000,
        "RequestedDate": "2026-03-11",
        "Description": "SKU-PAPA FRITA LAYS T/AMERICANO 200GR CAJA 12UN",
        "Uom": "UN"
      },
      {
        "MaterialCode": "R310342",
        "Quantity": 2.0000,
        "UnitPrice": 12600.0000,
        "RequestedDate": "2026-03-11",
        "Description": "SKU-AGUA SABORIZADA UNIKO MANZANA S/GAS 310ML CAJA 12UN (SS) (XD)",
        "Uom": "UN"
      },
      {
        "MaterialCode": "R310345",
        "Quantity": 1.0000,
        "UnitPrice": 12600.0000,
        "RequestedDate": "2026-03-11",
        "Description": "SKU-AGUA SABORIZADA UNIKO CRANBERRY C/GAS 310ML CAJA 12UN (SS) (XD)",
        "Uom": "UN"
      },
      {
        "MaterialCode": "R310393",
        "Quantity": 12.0000,
        "UnitPrice": 10756.0000,
        "RequestedDate": "2026-03-11",
        "Description": "SKU-SNACK MANI JAPONES 100G CAJA 16UN (XD)",
        "Uom": "UN"
      },
      {
        "MaterialCode": "R310394",
        "Quantity": 1.0000,
        "UnitPrice": 14928.0000,
        "RequestedDate": "2026-03-11",
        "Description": "SKU-PAPAS FRITAS CASERAS IND 42GR CAJA 54UN MARCO POLO (XD)",
        "Uom": "UN"
      },
      {
        "MaterialCode": "R310430",
        "Quantity": 4.0000,
        "UnitPrice": 17584.0000,
        "RequestedDate": "2026-03-11",
        "Description": "SKU-GALLETA CRIOLLITA 80GR CAJA 28UN MCKAY (XD)",
        "Uom": "UN"
      },
      {
        "MaterialCode": "R310436",
        "Quantity": 5.0000,
        "UnitPrice": 21860.0000,
        "RequestedDate": "2026-03-11",
        "Description": "SKU-SNACK TIKA NATURAL CHIPS-CEBOLLITA DULCE 150GR CAJA 15UN (XD)",
        "Uom": "UN"
      },
      {
        "MaterialCode": "R310438",
        "Quantity": 3.0000,
        "UnitPrice": 35948.0000,
        "RequestedDate": "2026-03-11",
        "Description": "SKU-SNACK TIKA NATURAL CHIPS-FURIOSA ESTANDAR 100GR CAJA 22UN (XD)",
        "Uom": "UN"
      },
      {
        "MaterialCode": "R310456",
        "Quantity": 1.0000,
        "UnitPrice": 21888.0000,
        "RequestedDate": "2026-03-11",
        "Description": "SKU-CHOCOLATE M\u0026M MANTEQUILLA MANI 127GR CAJA 8UN (XD).",
        "Uom": "UN"
      },
      {
        "MaterialCode": "R310457",
        "Quantity": 1.0000,
        "UnitPrice": 21633.0000,
        "RequestedDate": "2026-03-11",
        "Description": "SKU-GALLETA OREO VAINILLA 108GR CAJA 30UN (XD).",
        "Uom": "UN"
      },
      {
        "MaterialCode": "R310471",
        "Quantity": 4.0000,
        "UnitPrice": 29349.0000,
        "RequestedDate": "2026-03-11",
        "Description": "SKU-GALLETAS BISCUIT CHIP CHOCOLATE S/AZUCAR 145GR CAJA 24UN (XD)",
        "Uom": "UN"
      },
      {
        "MaterialCode": "R310551",
        "Quantity": 1.0000,
        "UnitPrice": 20004.0000,
        "RequestedDate": "2026-03-11",
        "Description": "SKU-CARAMELO FLOPI CEREZA S/AZUCAR 40GR DISPLAY 12UN (XD)",
        "Uom": "UN"
      },
      {
        "MaterialCode": "R310552",
        "Quantity": 1.0000,
        "UnitPrice": 20004.0000,
        "RequestedDate": "2026-03-11",
        "Description": "SKU-CARAMELO FLOPI MULTIFRUTA S/AZUCAR 40GR DISPLAY 12UN (XD)",
        "Uom": "UN"
      },
      {
        "MaterialCode": "R310560",
        "Quantity": 2.0000,
        "UnitPrice": 15600.0000,
        "RequestedDate": "2026-03-11",
        "Description": "SKU-BEBIDA GINGER BLESS MARACUYA LATA 310ML DISPLAY 12UN (XD)",
        "Uom": "UN"
      },
      {
        "MaterialCode": "R310644",
        "Quantity": 1.0000,
        "UnitPrice": 24342.0000,
        "RequestedDate": "2026-03-11",
        "Description": "SKU-CHOCOLATE MILKY WAY SINGLE 48GR DISPLAY 24UN (XD)",
        "Uom": "UN"
      },
      {
        "MaterialCode": "R310815",
        "Quantity": 3.0000,
        "UnitPrice": 70000.0000,
        "RequestedDate": "2026-03-11",
        "Description": "SKU-SNACK MIX EXTRA NUTS SALADO TNOGAL 125G CAJA 40UN (XD)",
        "Uom": "UN"
      },
      {
        "MaterialCode": "R310842",
        "Quantity": 2.0000,
        "UnitPrice": 34003.0000,
        "RequestedDate": "2026-03-11",
        "Description": "SKU-CHOCOLATE COSTA RAMA BLANCO 115GR CAJA 16UN (XD)",
        "Uom": "UN"
      },
      {
        "MaterialCode": "R310843",
        "Quantity": 1.0000,
        "UnitPrice": 24083.0000,
        "RequestedDate": "2026-03-11",
        "Description": "SKU-GOMITAS AMBROSOLI LOOP 90G DISPLAY 30UN (XD)",
        "Uom": "UN"
      },
      {
        "MaterialCode": "R310845",
        "Quantity": 2.0000,
        "UnitPrice": 39748.0000,
        "RequestedDate": "2026-03-11",
        "Description": "SKU-CHOCOLATE ESTUCHE COSTA VIZZIO XL 360GR CAJA 8UN (XD)",
        "Uom": "UN"
      },
      {
        "MaterialCode": "R311125",
        "Quantity": 3.0000,
        "UnitPrice": 22397.0000,
        "RequestedDate": "2026-03-11",
        "Description": "SKU-SNACK  SIN GLUTEN TOMATE ALBAHACA 100GR UN (XD)",
        "Uom": "UN"
      },
      {
        "MaterialCode": "R311172",
        "Quantity": 1.0000,
        "UnitPrice": 5751.0000,
        "RequestedDate": "2026-03-11",
        "Description": "SKU-CHOCOLATE ARCOR ROCKLETS 30GR DISPLAY 18UN (XD)",
        "Uom": "UN"
      },
      {
        "MaterialCode": "R311417",
        "Quantity": 2.0000,
        "UnitPrice": 18378.0000,
        "RequestedDate": "2026-03-11",
        "Description": "SKU-JUGO IND CITRIC NARANJA MANGO 500ML CAJA 12UN (XD)",
        "Uom": "UN"
      },
      {
        "MaterialCode": "R311418",
        "Quantity": 2.0000,
        "UnitPrice": 14100.0000,
        "RequestedDate": "2026-03-11",
        "Description": "SKU-JUGO IND CITRIC LIMONADA MENTA 500ML CAJA 12UN (XD)",
        "Uom": "UN"
      },
      {
        "MaterialCode": "R311708",
        "Quantity": 10.0000,
        "UnitPrice": 22894.0000,
        "RequestedDate": "2026-03-11",
        "Description": "SKU-SNACK DETODITO 275GR CAJA 11UN EVERSCRISP (XD)",
        "Uom": "UN"
      },
      {
        "MaterialCode": "R311709",
        "Quantity": 1.0000,
        "UnitPrice": 25971.0000,
        "RequestedDate": "2026-03-11",
        "Description": "SKU-PAPA FRITA LAYS T/AMERICANO 330GR CAJA 9UN (XD)",
        "Uom": "UN"
      },
      {
        "MaterialCode": "R312295",
        "Quantity": 2.0000,
        "UnitPrice": 48040.0000,
        "RequestedDate": "2026-03-11",
        "Description": "SKU-CHEETOS PALITO EVERCRISP 64GR CAJA 66UN (XD)",
        "Uom": "UN"
      },
      {
        "MaterialCode": "R312297",
        "Quantity": 2.0000,
        "UnitPrice": 15285.3800,
        "RequestedDate": "2026-03-11",
        "Description": "SKU-SNACK DETODITO QUESO 64GR CAJA 21UN EVERSCRISP (XD)",
        "Uom": "UN"
      }
    ]
  }
}
Response Status: 400 Bad Request
Response Headers:
  Transfer-Encoding: chunked
  Server: Microsoft-IIS/10.0
  X-Powered-By: ASP.NET
  Date: Thu, 19 Mar 2026 21:21:26 GMT
Response Content Headers:
  Content-Type: application/problem+json; charset=utf-8
Response Body: {"type":"https://tools.ietf.org/html/rfc7231#section-6.5.1","title":"Bad Request","status":400,"traceId":"00-2d797a47c4df6df5c419dade9f3df737-b3f12794f737860e-00"}
-----
Timestamp: 2026-03-19T22:02:24.9295950Z
CorrelationId: 4b8b6201-899f-42bf-92e1-0d6aa2d7f130
Request URL: https://qa.keylogistics.cl/CRMAPI-QA/api/Integracion
Request Headers:
  APIKEY: [REDACTED]
  X-Correlation-ID: 4b8b6201-899f-42bf-92e1-0d6aa2d7f130
Payload: {
  "Modulo": "68073e0e748c6a204f601daa70f63f7c",
  "Parametros": {
    "OrderNumber": "10835010",
    "SupplierCode": "76024",
    "OrderDate": "2026-03-03",
    "DeliveryDate": "2026-03-11",
    "PaymentCondition": "D",
    "DeliveryLocationCode": "30004",
    "InvoiceLocationCode": "30004",
    "BillingLocationCode": "30004",
    "Notes": "31755//12-3-2026//BOD.CAMPAMENTO VCA-ESC",
    "Items": [
      {
        "MaterialCode": "R044305",
        "Quantity": 3.0000,
        "UnitPrice": 41214.0000,
        "RequestedDate": "2026-03-11",
        "Description": "SKU-CARAMELOS MASTICABLES STARBURST FRUIT 59GR CAJA 36UN (XD)",
        "Uom": "UN"
      },
      {
        "MaterialCode": "R046525",
        "Quantity": 2.0000,
        "UnitPrice": 21244.0000,
        "RequestedDate": "2026-03-11",
        "Description": "SKU-GALLETA COSTA GRETTELL CHOCOLATE 85GR CAJA 24UN (XD)",
        "Uom": "UN"
      },
      {
        "MaterialCode": "R091695",
        "Quantity": 4.0000,
        "UnitPrice": 6904.0000,
        "RequestedDate": "2026-03-11",
        "Description": "SKU-GALLETA DE SODA COSTA 54GR CAJA 27UN (XD)",
        "Uom": "UN"
      },
      {
        "MaterialCode": "R095026",
        "Quantity": 2.0000,
        "UnitPrice": 8617.0000,
        "RequestedDate": "2026-03-11",
        "Description": "SKU-TURRON ARCOR MANI 45GR CAJA 28UN (XD)",
        "Uom": "UN"
      },
      {
        "MaterialCode": "R101127",
        "Quantity": 3.0000,
        "UnitPrice": 5215.0000,
        "RequestedDate": "2026-03-11",
        "Description": "SKU-BOMBON COSTA VIZZIO 432GR DISPLAY 45UN (XD)",
        "Uom": "UN"
      },
      {
        "MaterialCode": "R251259",
        "Quantity": 1.0000,
        "UnitPrice": 48686.0000,
        "RequestedDate": "2026-03-11",
        "Description": "SKU-M\u0026M PEANUT SINGLES 48GR DISPLAY 48UN (XD)",
        "Uom": "UN"
      },
      {
        "MaterialCode": "R251266",
        "Quantity": 1.0000,
        "UnitPrice": 36525.0000,
        "RequestedDate": "2026-03-11",
        "Description": "SKU-M\u0026M PLAIN SINGLES 48GR DISPLAY 36UN (XD)",
        "Uom": "UN"
      },
      {
        "MaterialCode": "R251334",
        "Quantity": 3.0000,
        "UnitPrice": 36515.0000,
        "RequestedDate": "2026-03-11",
        "Description": "SKU-TWIX SINGLE 57GR DISPLAY 36UN (XD)",
        "Uom": "UN"
      },
      {
        "MaterialCode": "R251341",
        "Quantity": 6.0000,
        "UnitPrice": 48686.0000,
        "RequestedDate": "2026-03-11",
        "Description": "SKU-CHOCOLATE SNICKERS SINGLE 53GR DISPLAY 48UN (XD)",
        "Uom": "UN"
      },
      {
        "MaterialCode": "R253833",
        "Quantity": 4.0000,
        "UnitPrice": 7770.0000,
        "RequestedDate": "2026-03-11",
        "Description": "SKU-CHOCOLATE TRENCITO 24GR DISPLAY 30 UN NESTLE (XD)",
        "Uom": "UN"
      },
      {
        "MaterialCode": "R273435",
        "Quantity": 3.0000,
        "UnitPrice": 22041.0000,
        "RequestedDate": "2026-03-11",
        "Description": "SKU-CHOCOLATE COSTA ROLLS CRISPY 130GR CAJA 15UN (XD)",
        "Uom": "UN"
      },
      {
        "MaterialCode": "R281485",
        "Quantity": 1.0000,
        "UnitPrice": 12240.0000,
        "RequestedDate": "2026-03-11",
        "Description": "SKU-GALLETA TRITON MCKAY VAINILLA 129GR CAJA 30UN (XD)",
        "Uom": "UN"
      },
      {
        "MaterialCode": "R287036",
        "Quantity": 3.0000,
        "UnitPrice": 25256.0000,
        "RequestedDate": "2026-03-11",
        "Description": "SKU-PAPAS FRITAS LAYS STAX CHEDDAR 172GR CAJA 14UN EVERCRISP (XD)",
        "Uom": "UN"
      },
      {
        "MaterialCode": "R287043",
        "Quantity": 4.0000,
        "UnitPrice": 25256.0000,
        "RequestedDate": "2026-03-11",
        "Description": "SKU-PAPAS FRITAS LAYS STAX ORIGINAL 172GR CAJA 14UN EVERCRISP (XD)",
        "Uom": "UN"
      },
      {
        "MaterialCode": "R290128",
        "Quantity": 1.0000,
        "UnitPrice": 71424.0000,
        "RequestedDate": "2026-03-11",
        "Description": "SKU-CHOCOLATE PRESTIGIO 35GR CAJA 192UN NESTLE (XD)",
        "Uom": "UN"
      },
      {
        "MaterialCode": "R302791",
        "Quantity": 1.0000,
        "UnitPrice": 21244.0000,
        "RequestedDate": "2026-03-11",
        "Description": "SKU-GALLETA COSTA GRETTEL YOGHURT FRUTILLA 85GR CAJA 24UN (XD)",
        "Uom": "UN"
      },
      {
        "MaterialCode": "R303602",
        "Quantity": 1.0000,
        "UnitPrice": 11326.0000,
        "RequestedDate": "2026-03-11",
        "Description": "SKU-GALLETON AVENA BERRIES ECOVIDA 40GR CAJA 24UN (XD)",
        "Uom": "UN"
      },
      {
        "MaterialCode": "R303607",
        "Quantity": 1.0000,
        "UnitPrice": 39969.0000,
        "RequestedDate": "2026-03-11",
        "Description": "SKU-GALLETAS EMPAREDADOS DE CIRUELA ECOVIDA 150GR CAJA 30UN (XD)",
        "Uom": "UN"
      },
      {
        "MaterialCode": "R303610",
        "Quantity": 2.0000,
        "UnitPrice": 39969.0000,
        "RequestedDate": "2026-03-11",
        "Description": "SKU-GALLETAS EMPAREDADOS DE HIGO S/AZUCAR ECOVIDA 150GR CAJA 30UN (XD)",
        "Uom": "UN"
      },
      {
        "MaterialCode": "R304879",
        "Quantity": 5.0000,
        "UnitPrice": 12542.0000,
        "RequestedDate": "2026-03-11",
        "Description": "SKU-CARAMELOS AMBROSOLI FULL LIMON 27GR CAJA 60UN (XD)",
        "Uom": "UN"
      },
      {
        "MaterialCode": "R305104",
        "Quantity": 7.0000,
        "UnitPrice": 16492.0000,
        "RequestedDate": "2026-03-11",
        "Description": "SKU-SUPLEMENTO PROTEIN SNACK TWENTYS LEMON CHEESECAKE 60GR DISPLAY 12UN (XD)",
        "Uom": "UN"
      },
      {
        "MaterialCode": "R305163",
        "Quantity": 5.0000,
        "UnitPrice": 45897.0000,
        "RequestedDate": "2026-03-11",
        "Description": "SKU-CHOCOLATE COSTA NUSS 250GR DISPLAY 15UN (XD)",
        "Uom": "UN"
      },
      {
        "MaterialCode": "R307011",
        "Quantity": 3.0000,
        "UnitPrice": 14697.0000,
        "RequestedDate": "2026-03-11",
        "Description": "SKU-SUPLEMENTO PROTEIN BARRA CHOCOLATE 45GR DISPLAY 16UN (XD)",
        "Uom": "UN"
      },
      {
        "MaterialCode": "R307020",
        "Quantity": 3.0000,
        "UnitPrice": 28062.0000,
        "RequestedDate": "2026-03-11",
        "Description": "SKU-GALLETA CHOCOLATE FRUTILLA SIN AZUCAR\u00A0225GR CAJA 20UN ECOVIDA (XD)",
        "Uom": "UN"
      },
      {
        "MaterialCode": "R307327",
        "Quantity": 1.0000,
        "UnitPrice": 16512.0000,
        "RequestedDate": "2026-03-11",
        "Description": "SKU-GALLETA COSTA COCO TUAREG 120GR CAJA 35UN (XD)",
        "Uom": "UN"
      },
      {
        "MaterialCode": "R308732",
        "Quantity": 18.0000,
        "UnitPrice": 19714.0000,
        "RequestedDate": "2026-03-11",
        "Description": "SKU-CHICLE ORBIT BUBBLEMINT S/AZUCAR 64GR DISPLAY 6UN (SS) (XD)",
        "Uom": "UN"
      },
      {
        "MaterialCode": "R308736",
        "Quantity": 1.0000,
        "UnitPrice": 23429.0000,
        "RequestedDate": "2026-03-11",
        "Description": "SKU-CHOCOLATE MILKA LECHE 55GR DISPLAY 21UN (XD)",
        "Uom": "UN"
      },
      {
        "MaterialCode": "R308739",
        "Quantity": 1.0000,
        "UnitPrice": 18378.0000,
        "RequestedDate": "2026-03-11",
        "Description": "SKU-JUGO NATURAL IND CITRIC NARANJA 500ML CAJA 12UN (XD)",
        "Uom": "UN"
      },
      {
        "MaterialCode": "R308971",
        "Quantity": 4.0000,
        "UnitPrice": 15172.0000,
        "RequestedDate": "2026-03-11",
        "Description": "SKU-JUGO BLESS MARACUYA/NARANJA/PINA/MANZANA/LIMON 300CC CAJA 12UN (SS) (XD)",
        "Uom": "UN"
      },
      {
        "MaterialCode": "R308973",
        "Quantity": 1.0000,
        "UnitPrice": 15172.0000,
        "RequestedDate": "2026-03-11",
        "Description": "SKU-JUGO BLESS PEPINO/ESPIRUL/MANZANA/PI\u00D1A/JENGIBRE/LIMON 300CC CAJA 12UN (XD)",
        "Uom": "UN"
      },
      {
        "MaterialCode": "R309051",
        "Quantity": 5.0000,
        "UnitPrice": 16622.0000,
        "RequestedDate": "2026-03-11",
        "Description": "SKU-CHEETOS PALITOS 110GR CAJA 15UN EVERSCRISP (XD)",
        "Uom": "UN"
      },
      {
        "MaterialCode": "R309067",
        "Quantity": 2.0000,
        "UnitPrice": 56184.0000,
        "RequestedDate": "2026-03-11",
        "Description": "SKU-CHOCOLATE ESTUCHE COSTA VIZZIO 120GR CAJA 34UN (XD)",
        "Uom": "UN"
      },
      {
        "MaterialCode": "R309093",
        "Quantity": 1.0000,
        "UnitPrice": 47070.0000,
        "RequestedDate": "2026-03-11",
        "Description": "SKU-GALLETA ARCOR BON O BON 95GR CAJA 36UN (XD)",
        "Uom": "UN"
      },
      {
        "MaterialCode": "R309097",
        "Quantity": 6.0000,
        "UnitPrice": 16578.0000,
        "RequestedDate": "2026-03-11",
        "Description": "SKU-CHEEZELS EVERCRISP 100GR CAJA 16UN (XD)",
        "Uom": "UN"
      },
      {
        "MaterialCode": "R309146",
        "Quantity": 1.0000,
        "UnitPrice": 31430.0000,
        "RequestedDate": "2026-03-11",
        "Description": "SKU-CHOCOLATE NESTLE TRENCITO 150GR CAJA 14UN (XD)",
        "Uom": "UN"
      },
      {
        "MaterialCode": "R309147",
        "Quantity": 2.0000,
        "UnitPrice": 49939.0000,
        "RequestedDate": "2026-03-11",
        "Description": "SKU-CHOCOLATE NESTLE KIT KAT 41,5GR CAJA 96UN (XD)",
        "Uom": "UN"
      },
      {
        "MaterialCode": "R309265",
        "Quantity": 1.0000,
        "UnitPrice": 15470.0000,
        "RequestedDate": "2026-03-11",
        "Description": "SKU-SNACK MIX TENTACION 50GR CAJA 20UN (XD)",
        "Uom": "UN"
      },
      {
        "MaterialCode": "R309432",
        "Quantity": 3.0000,
        "UnitPrice": 9093.0000,
        "RequestedDate": "2026-03-11",
        "Description": "SKU-CHIPS DE VEGETALES TIKA FURIOSAS 35GR CAJA 15UN (XD).",
        "Uom": "UN"
      },
      {
        "MaterialCode": "R309456",
        "Quantity": 3.0000,
        "UnitPrice": 18911.0000,
        "RequestedDate": "2026-03-11",
        "Description": "SKU-CHICLE ORBIT MENTA DISPLAY 30UN (XD).",
        "Uom": "UN"
      },
      {
        "MaterialCode": "R309457",
        "Quantity": 7.0000,
        "UnitPrice": 18911.0000,
        "RequestedDate": "2026-03-11",
        "Description": "SKU-CHICLE ORBIT EUCALIPTUS DISPLAY 30UN (XD).",
        "Uom": "UN"
      },
      {
        "MaterialCode": "R309458",
        "Quantity": 1.0000,
        "UnitPrice": 18911.0000,
        "RequestedDate": "2026-03-11",
        "Description": "SKU-CHICLE ORBIT HIERBABUENA DISPLAY 30UN (XD).",
        "Uom": "UN"
      },
      {
        "MaterialCode": "R309620",
        "Quantity": 5.0000,
        "UnitPrice": 19714.0000,
        "RequestedDate": "2026-03-11",
        "Description": "SKU-CHICLE ORBIT HIERBABUENA S/AZUCAR 64GR DISPLAY 6UN (SS) (XD)",
        "Uom": "UN"
      },
      {
        "MaterialCode": "R309661",
        "Quantity": 11.0000,
        "UnitPrice": 24387.0000,
        "RequestedDate": "2026-03-11",
        "Description": "SKU-RAMITAS SALADAS EVERCRISP 230GR CAJA 16UN (XD)",
        "Uom": "UN"
      },
      {
        "MaterialCode": "R309761",
        "Quantity": 3.0000,
        "UnitPrice": 33780.0000,
        "RequestedDate": "2026-03-11",
        "Description": "SKU-CHOCOLATE M\u0026M PEANUT 141,8GR CAJA 12UN (XD)",
        "Uom": "UN"
      },
      {
        "MaterialCode": "R309762",
        "Quantity": 2.0000,
        "UnitPrice": 5794.0000,
        "RequestedDate": "2026-03-11",
        "Description": "SKU-CHICLE BIGTIME MENTA 11GR DISPLAY 20UN (XD)",
        "Uom": "UN"
      },
      {
        "MaterialCode": "R309763",
        "Quantity": 11.0000,
        "UnitPrice": 6084.0000,
        "RequestedDate": "2026-03-11",
        "Description": "SKU-CHICLE BIGTIME STRONG 11GR DISPLAY 20UN (SS) (XD)",
        "Uom": "UN"
      },
      {
        "MaterialCode": "R309764",
        "Quantity": 4.0000,
        "UnitPrice": 6084.0000,
        "RequestedDate": "2026-03-11",
        "Description": "SKU-CHICLE BIGTIME SANDIA 11GR DISPLAY 20UN (SS) (XD)",
        "Uom": "UN"
      },
      {
        "MaterialCode": "R309765",
        "Quantity": 47.0000,
        "UnitPrice": 6084.0000,
        "RequestedDate": "2026-03-11",
        "Description": "SKU-CHICLE BIGTIME REFRESCANTE 11GR DISPLAY 20UN (SS) (XD)",
        "Uom": "UN"
      },
      {
        "MaterialCode": "R309876",
        "Quantity": 2.0000,
        "UnitPrice": 23730.0000,
        "RequestedDate": "2026-03-11",
        "Description": "SKU-ALFAJOR ARTESANAL CACAO NEGRO 55GR CAJA 30UN (XD)",
        "Uom": "UN"
      },
      {
        "MaterialCode": "R309913",
        "Quantity": 2.0000,
        "UnitPrice": 8342.0000,
        "RequestedDate": "2026-03-11",
        "Description": "SKU-CHICLE TRIDENT INFINITI PEPPERMINT S/AZUCAR 26,6GR DISPLAY 12UN (SS) (XD)",
        "Uom": "UN"
      },
      {
        "MaterialCode": "R309920",
        "Quantity": 2.0000,
        "UnitPrice": 9270.0000,
        "RequestedDate": "2026-03-11",
        "Description": "SKU-CHICLE TRIDENT INFINITI PEPPERMINT S/AZUCAR 26,6GR DISPLAY 12UN (SS) (XD).",
        "Uom": "UN"
      },
      {
        "MaterialCode": "R310215",
        "Quantity": 5.0000,
        "UnitPrice": 17753.0000,
        "RequestedDate": "2026-03-11",
        "Description": "SKU-PAPA FRITA LAYS T/AMERICANO 200GR CAJA 12UN",
        "Uom": "UN"
      },
      {
        "MaterialCode": "R310342",
        "Quantity": 2.0000,
        "UnitPrice": 12600.0000,
        "RequestedDate": "2026-03-11",
        "Description": "SKU-AGUA SABORIZADA UNIKO MANZANA S/GAS 310ML CAJA 12UN (SS) (XD)",
        "Uom": "UN"
      },
      {
        "MaterialCode": "R310345",
        "Quantity": 1.0000,
        "UnitPrice": 12600.0000,
        "RequestedDate": "2026-03-11",
        "Description": "SKU-AGUA SABORIZADA UNIKO CRANBERRY C/GAS 310ML CAJA 12UN (SS) (XD)",
        "Uom": "UN"
      },
      {
        "MaterialCode": "R310393",
        "Quantity": 12.0000,
        "UnitPrice": 10756.0000,
        "RequestedDate": "2026-03-11",
        "Description": "SKU-SNACK MANI JAPONES 100G CAJA 16UN (XD)",
        "Uom": "UN"
      },
      {
        "MaterialCode": "R310394",
        "Quantity": 1.0000,
        "UnitPrice": 14928.0000,
        "RequestedDate": "2026-03-11",
        "Description": "SKU-PAPAS FRITAS CASERAS IND 42GR CAJA 54UN MARCO POLO (XD)",
        "Uom": "UN"
      },
      {
        "MaterialCode": "R310430",
        "Quantity": 4.0000,
        "UnitPrice": 17584.0000,
        "RequestedDate": "2026-03-11",
        "Description": "SKU-GALLETA CRIOLLITA 80GR CAJA 28UN MCKAY (XD)",
        "Uom": "UN"
      },
      {
        "MaterialCode": "R310436",
        "Quantity": 5.0000,
        "UnitPrice": 21860.0000,
        "RequestedDate": "2026-03-11",
        "Description": "SKU-SNACK TIKA NATURAL CHIPS-CEBOLLITA DULCE 150GR CAJA 15UN (XD)",
        "Uom": "UN"
      },
      {
        "MaterialCode": "R310438",
        "Quantity": 3.0000,
        "UnitPrice": 35948.0000,
        "RequestedDate": "2026-03-11",
        "Description": "SKU-SNACK TIKA NATURAL CHIPS-FURIOSA ESTANDAR 100GR CAJA 22UN (XD)",
        "Uom": "UN"
      },
      {
        "MaterialCode": "R310456",
        "Quantity": 1.0000,
        "UnitPrice": 21888.0000,
        "RequestedDate": "2026-03-11",
        "Description": "SKU-CHOCOLATE M\u0026M MANTEQUILLA MANI 127GR CAJA 8UN (XD).",
        "Uom": "UN"
      },
      {
        "MaterialCode": "R310457",
        "Quantity": 1.0000,
        "UnitPrice": 21633.0000,
        "RequestedDate": "2026-03-11",
        "Description": "SKU-GALLETA OREO VAINILLA 108GR CAJA 30UN (XD).",
        "Uom": "UN"
      },
      {
        "MaterialCode": "R310471",
        "Quantity": 4.0000,
        "UnitPrice": 29349.0000,
        "RequestedDate": "2026-03-11",
        "Description": "SKU-GALLETAS BISCUIT CHIP CHOCOLATE S/AZUCAR 145GR CAJA 24UN (XD)",
        "Uom": "UN"
      },
      {
        "MaterialCode": "R310551",
        "Quantity": 1.0000,
        "UnitPrice": 20004.0000,
        "RequestedDate": "2026-03-11",
        "Description": "SKU-CARAMELO FLOPI CEREZA S/AZUCAR 40GR DISPLAY 12UN (XD)",
        "Uom": "UN"
      },
      {
        "MaterialCode": "R310552",
        "Quantity": 1.0000,
        "UnitPrice": 20004.0000,
        "RequestedDate": "2026-03-11",
        "Description": "SKU-CARAMELO FLOPI MULTIFRUTA S/AZUCAR 40GR DISPLAY 12UN (XD)",
        "Uom": "UN"
      },
      {
        "MaterialCode": "R310560",
        "Quantity": 2.0000,
        "UnitPrice": 15600.0000,
        "RequestedDate": "2026-03-11",
        "Description": "SKU-BEBIDA GINGER BLESS MARACUYA LATA 310ML DISPLAY 12UN (XD)",
        "Uom": "UN"
      },
      {
        "MaterialCode": "R310644",
        "Quantity": 1.0000,
        "UnitPrice": 24342.0000,
        "RequestedDate": "2026-03-11",
        "Description": "SKU-CHOCOLATE MILKY WAY SINGLE 48GR DISPLAY 24UN (XD)",
        "Uom": "UN"
      },
      {
        "MaterialCode": "R310815",
        "Quantity": 3.0000,
        "UnitPrice": 70000.0000,
        "RequestedDate": "2026-03-11",
        "Description": "SKU-SNACK MIX EXTRA NUTS SALADO TNOGAL 125G CAJA 40UN (XD)",
        "Uom": "UN"
      },
      {
        "MaterialCode": "R310842",
        "Quantity": 2.0000,
        "UnitPrice": 34003.0000,
        "RequestedDate": "2026-03-11",
        "Description": "SKU-CHOCOLATE COSTA RAMA BLANCO 115GR CAJA 16UN (XD)",
        "Uom": "UN"
      },
      {
        "MaterialCode": "R310843",
        "Quantity": 1.0000,
        "UnitPrice": 24083.0000,
        "RequestedDate": "2026-03-11",
        "Description": "SKU-GOMITAS AMBROSOLI LOOP 90G DISPLAY 30UN (XD)",
        "Uom": "UN"
      },
      {
        "MaterialCode": "R310845",
        "Quantity": 2.0000,
        "UnitPrice": 39748.0000,
        "RequestedDate": "2026-03-11",
        "Description": "SKU-CHOCOLATE ESTUCHE COSTA VIZZIO XL 360GR CAJA 8UN (XD)",
        "Uom": "UN"
      },
      {
        "MaterialCode": "R311125",
        "Quantity": 3.0000,
        "UnitPrice": 22397.0000,
        "RequestedDate": "2026-03-11",
        "Description": "SKU-SNACK  SIN GLUTEN TOMATE ALBAHACA 100GR UN (XD)",
        "Uom": "UN"
      },
      {
        "MaterialCode": "R311172",
        "Quantity": 1.0000,
        "UnitPrice": 5751.0000,
        "RequestedDate": "2026-03-11",
        "Description": "SKU-CHOCOLATE ARCOR ROCKLETS 30GR DISPLAY 18UN (XD)",
        "Uom": "UN"
      },
      {
        "MaterialCode": "R311417",
        "Quantity": 2.0000,
        "UnitPrice": 18378.0000,
        "RequestedDate": "2026-03-11",
        "Description": "SKU-JUGO IND CITRIC NARANJA MANGO 500ML CAJA 12UN (XD)",
        "Uom": "UN"
      },
      {
        "MaterialCode": "R311418",
        "Quantity": 2.0000,
        "UnitPrice": 14100.0000,
        "RequestedDate": "2026-03-11",
        "Description": "SKU-JUGO IND CITRIC LIMONADA MENTA 500ML CAJA 12UN (XD)",
        "Uom": "UN"
      },
      {
        "MaterialCode": "R311708",
        "Quantity": 10.0000,
        "UnitPrice": 22894.0000,
        "RequestedDate": "2026-03-11",
        "Description": "SKU-SNACK DETODITO 275GR CAJA 11UN EVERSCRISP (XD)",
        "Uom": "UN"
      },
      {
        "MaterialCode": "R311709",
        "Quantity": 1.0000,
        "UnitPrice": 25971.0000,
        "RequestedDate": "2026-03-11",
        "Description": "SKU-PAPA FRITA LAYS T/AMERICANO 330GR CAJA 9UN (XD)",
        "Uom": "UN"
      },
      {
        "MaterialCode": "R312295",
        "Quantity": 2.0000,
        "UnitPrice": 48040.0000,
        "RequestedDate": "2026-03-11",
        "Description": "SKU-CHEETOS PALITO EVERCRISP 64GR CAJA 66UN (XD)",
        "Uom": "UN"
      },
      {
        "MaterialCode": "R312297",
        "Quantity": 2.0000,
        "UnitPrice": 15285.3800,
        "RequestedDate": "2026-03-11",
        "Description": "SKU-SNACK DETODITO QUESO 64GR CAJA 21UN EVERSCRISP (XD)",
        "Uom": "UN"
      }
    ]
  }
}
Response Status: 400 Bad Request
Response Headers:
  Transfer-Encoding: chunked
  Server: Microsoft-IIS/10.0
  X-Powered-By: ASP.NET
  Date: Thu, 19 Mar 2026 22:04:31 GMT
Response Content Headers:
  Content-Type: application/problem+json; charset=utf-8
Response Body: {"type":"https://tools.ietf.org/html/rfc7231#section-6.5.1","title":"Bad Request","status":400,"traceId":"00-41452ac9b152b5a42961583f95989b8e-0398722b56826823-00"}
-----
Timestamp: 2026-03-19T22:07:07.8704117Z
CorrelationId: 1bb2fc7c-44b1-4845-8b91-e889a5a5ac16
Request URL: https://qa.keylogistics.cl/CRMAPI-QA/api/Integracion
Request Headers:
  APIKEY: [REDACTED]
  X-Correlation-ID: 1bb2fc7c-44b1-4845-8b91-e889a5a5ac16
Payload: {
  "Modulo": "68073e0e748c6a204f601daa70f63f7c",
  "Parametros": {
    "OrderNumber": "10835010",
    "SupplierCode": "76024",
    "OrderDate": "2026-03-03",
    "DeliveryDate": "2026-03-11",
    "PaymentCondition": "D",
    "DeliveryLocationCode": "30004",
    "InvoiceLocationCode": "30004",
    "BillingLocationCode": "30004",
    "Notes": "31755//12-3-2026//BOD.CAMPAMENTO VCA-ESC",
    "Items": [
      {
        "MaterialCode": "R044305",
        "Quantity": 3.0000,
        "UnitPrice": 41214.0000,
        "RequestedDate": "2026-03-11",
        "Description": "SKU-CARAMELOS MASTICABLES STARBURST FRUIT 59GR CAJA 36UN (XD)",
        "Uom": "UN"
      },
      {
        "MaterialCode": "R046525",
        "Quantity": 2.0000,
        "UnitPrice": 21244.0000,
        "RequestedDate": "2026-03-11",
        "Description": "SKU-GALLETA COSTA GRETTELL CHOCOLATE 85GR CAJA 24UN (XD)",
        "Uom": "UN"
      },
      {
        "MaterialCode": "R091695",
        "Quantity": 4.0000,
        "UnitPrice": 6904.0000,
        "RequestedDate": "2026-03-11",
        "Description": "SKU-GALLETA DE SODA COSTA 54GR CAJA 27UN (XD)",
        "Uom": "UN"
      },
      {
        "MaterialCode": "R095026",
        "Quantity": 2.0000,
        "UnitPrice": 8617.0000,
        "RequestedDate": "2026-03-11",
        "Description": "SKU-TURRON ARCOR MANI 45GR CAJA 28UN (XD)",
        "Uom": "UN"
      },
      {
        "MaterialCode": "R101127",
        "Quantity": 3.0000,
        "UnitPrice": 5215.0000,
        "RequestedDate": "2026-03-11",
        "Description": "SKU-BOMBON COSTA VIZZIO 432GR DISPLAY 45UN (XD)",
        "Uom": "UN"
      },
      {
        "MaterialCode": "R251259",
        "Quantity": 1.0000,
        "UnitPrice": 48686.0000,
        "RequestedDate": "2026-03-11",
        "Description": "SKU-M\u0026M PEANUT SINGLES 48GR DISPLAY 48UN (XD)",
        "Uom": "UN"
      },
      {
        "MaterialCode": "R251266",
        "Quantity": 1.0000,
        "UnitPrice": 36525.0000,
        "RequestedDate": "2026-03-11",
        "Description": "SKU-M\u0026M PLAIN SINGLES 48GR DISPLAY 36UN (XD)",
        "Uom": "UN"
      },
      {
        "MaterialCode": "R251334",
        "Quantity": 3.0000,
        "UnitPrice": 36515.0000,
        "RequestedDate": "2026-03-11",
        "Description": "SKU-TWIX SINGLE 57GR DISPLAY 36UN (XD)",
        "Uom": "UN"
      },
      {
        "MaterialCode": "R251341",
        "Quantity": 6.0000,
        "UnitPrice": 48686.0000,
        "RequestedDate": "2026-03-11",
        "Description": "SKU-CHOCOLATE SNICKERS SINGLE 53GR DISPLAY 48UN (XD)",
        "Uom": "UN"
      },
      {
        "MaterialCode": "R253833",
        "Quantity": 4.0000,
        "UnitPrice": 7770.0000,
        "RequestedDate": "2026-03-11",
        "Description": "SKU-CHOCOLATE TRENCITO 24GR DISPLAY 30 UN NESTLE (XD)",
        "Uom": "UN"
      },
      {
        "MaterialCode": "R273435",
        "Quantity": 3.0000,
        "UnitPrice": 22041.0000,
        "RequestedDate": "2026-03-11",
        "Description": "SKU-CHOCOLATE COSTA ROLLS CRISPY 130GR CAJA 15UN (XD)",
        "Uom": "UN"
      },
      {
        "MaterialCode": "R281485",
        "Quantity": 1.0000,
        "UnitPrice": 12240.0000,
        "RequestedDate": "2026-03-11",
        "Description": "SKU-GALLETA TRITON MCKAY VAINILLA 129GR CAJA 30UN (XD)",
        "Uom": "UN"
      },
      {
        "MaterialCode": "R287036",
        "Quantity": 3.0000,
        "UnitPrice": 25256.0000,
        "RequestedDate": "2026-03-11",
        "Description": "SKU-PAPAS FRITAS LAYS STAX CHEDDAR 172GR CAJA 14UN EVERCRISP (XD)",
        "Uom": "UN"
      },
      {
        "MaterialCode": "R287043",
        "Quantity": 4.0000,
        "UnitPrice": 25256.0000,
        "RequestedDate": "2026-03-11",
        "Description": "SKU-PAPAS FRITAS LAYS STAX ORIGINAL 172GR CAJA 14UN EVERCRISP (XD)",
        "Uom": "UN"
      },
      {
        "MaterialCode": "R290128",
        "Quantity": 1.0000,
        "UnitPrice": 71424.0000,
        "RequestedDate": "2026-03-11",
        "Description": "SKU-CHOCOLATE PRESTIGIO 35GR CAJA 192UN NESTLE (XD)",
        "Uom": "UN"
      },
      {
        "MaterialCode": "R302791",
        "Quantity": 1.0000,
        "UnitPrice": 21244.0000,
        "RequestedDate": "2026-03-11",
        "Description": "SKU-GALLETA COSTA GRETTEL YOGHURT FRUTILLA 85GR CAJA 24UN (XD)",
        "Uom": "UN"
      },
      {
        "MaterialCode": "R303602",
        "Quantity": 1.0000,
        "UnitPrice": 11326.0000,
        "RequestedDate": "2026-03-11",
        "Description": "SKU-GALLETON AVENA BERRIES ECOVIDA 40GR CAJA 24UN (XD)",
        "Uom": "UN"
      },
      {
        "MaterialCode": "R303607",
        "Quantity": 1.0000,
        "UnitPrice": 39969.0000,
        "RequestedDate": "2026-03-11",
        "Description": "SKU-GALLETAS EMPAREDADOS DE CIRUELA ECOVIDA 150GR CAJA 30UN (XD)",
        "Uom": "UN"
      },
      {
        "MaterialCode": "R303610",
        "Quantity": 2.0000,
        "UnitPrice": 39969.0000,
        "RequestedDate": "2026-03-11",
        "Description": "SKU-GALLETAS EMPAREDADOS DE HIGO S/AZUCAR ECOVIDA 150GR CAJA 30UN (XD)",
        "Uom": "UN"
      },
      {
        "MaterialCode": "R304879",
        "Quantity": 5.0000,
        "UnitPrice": 12542.0000,
        "RequestedDate": "2026-03-11",
        "Description": "SKU-CARAMELOS AMBROSOLI FULL LIMON 27GR CAJA 60UN (XD)",
        "Uom": "UN"
      },
      {
        "MaterialCode": "R305104",
        "Quantity": 7.0000,
        "UnitPrice": 16492.0000,
        "RequestedDate": "2026-03-11",
        "Description": "SKU-SUPLEMENTO PROTEIN SNACK TWENTYS LEMON CHEESECAKE 60GR DISPLAY 12UN (XD)",
        "Uom": "UN"
      },
      {
        "MaterialCode": "R305163",
        "Quantity": 5.0000,
        "UnitPrice": 45897.0000,
        "RequestedDate": "2026-03-11",
        "Description": "SKU-CHOCOLATE COSTA NUSS 250GR DISPLAY 15UN (XD)",
        "Uom": "UN"
      },
      {
        "MaterialCode": "R307011",
        "Quantity": 3.0000,
        "UnitPrice": 14697.0000,
        "RequestedDate": "2026-03-11",
        "Description": "SKU-SUPLEMENTO PROTEIN BARRA CHOCOLATE 45GR DISPLAY 16UN (XD)",
        "Uom": "UN"
      },
      {
        "MaterialCode": "R307020",
        "Quantity": 3.0000,
        "UnitPrice": 28062.0000,
        "RequestedDate": "2026-03-11",
        "Description": "SKU-GALLETA CHOCOLATE FRUTILLA SIN AZUCAR\u00A0225GR CAJA 20UN ECOVIDA (XD)",
        "Uom": "UN"
      },
      {
        "MaterialCode": "R307327",
        "Quantity": 1.0000,
        "UnitPrice": 16512.0000,
        "RequestedDate": "2026-03-11",
        "Description": "SKU-GALLETA COSTA COCO TUAREG 120GR CAJA 35UN (XD)",
        "Uom": "UN"
      },
      {
        "MaterialCode": "R308732",
        "Quantity": 18.0000,
        "UnitPrice": 19714.0000,
        "RequestedDate": "2026-03-11",
        "Description": "SKU-CHICLE ORBIT BUBBLEMINT S/AZUCAR 64GR DISPLAY 6UN (SS) (XD)",
        "Uom": "UN"
      },
      {
        "MaterialCode": "R308736",
        "Quantity": 1.0000,
        "UnitPrice": 23429.0000,
        "RequestedDate": "2026-03-11",
        "Description": "SKU-CHOCOLATE MILKA LECHE 55GR DISPLAY 21UN (XD)",
        "Uom": "UN"
      },
      {
        "MaterialCode": "R308739",
        "Quantity": 1.0000,
        "UnitPrice": 18378.0000,
        "RequestedDate": "2026-03-11",
        "Description": "SKU-JUGO NATURAL IND CITRIC NARANJA 500ML CAJA 12UN (XD)",
        "Uom": "UN"
      },
      {
        "MaterialCode": "R308971",
        "Quantity": 4.0000,
        "UnitPrice": 15172.0000,
        "RequestedDate": "2026-03-11",
        "Description": "SKU-JUGO BLESS MARACUYA/NARANJA/PINA/MANZANA/LIMON 300CC CAJA 12UN (SS) (XD)",
        "Uom": "UN"
      },
      {
        "MaterialCode": "R308973",
        "Quantity": 1.0000,
        "UnitPrice": 15172.0000,
        "RequestedDate": "2026-03-11",
        "Description": "SKU-JUGO BLESS PEPINO/ESPIRUL/MANZANA/PI\u00D1A/JENGIBRE/LIMON 300CC CAJA 12UN (XD)",
        "Uom": "UN"
      },
      {
        "MaterialCode": "R309051",
        "Quantity": 5.0000,
        "UnitPrice": 16622.0000,
        "RequestedDate": "2026-03-11",
        "Description": "SKU-CHEETOS PALITOS 110GR CAJA 15UN EVERSCRISP (XD)",
        "Uom": "UN"
      },
      {
        "MaterialCode": "R309067",
        "Quantity": 2.0000,
        "UnitPrice": 56184.0000,
        "RequestedDate": "2026-03-11",
        "Description": "SKU-CHOCOLATE ESTUCHE COSTA VIZZIO 120GR CAJA 34UN (XD)",
        "Uom": "UN"
      },
      {
        "MaterialCode": "R309093",
        "Quantity": 1.0000,
        "UnitPrice": 47070.0000,
        "RequestedDate": "2026-03-11",
        "Description": "SKU-GALLETA ARCOR BON O BON 95GR CAJA 36UN (XD)",
        "Uom": "UN"
      },
      {
        "MaterialCode": "R309097",
        "Quantity": 6.0000,
        "UnitPrice": 16578.0000,
        "RequestedDate": "2026-03-11",
        "Description": "SKU-CHEEZELS EVERCRISP 100GR CAJA 16UN (XD)",
        "Uom": "UN"
      },
      {
        "MaterialCode": "R309146",
        "Quantity": 1.0000,
        "UnitPrice": 31430.0000,
        "RequestedDate": "2026-03-11",
        "Description": "SKU-CHOCOLATE NESTLE TRENCITO 150GR CAJA 14UN (XD)",
        "Uom": "UN"
      },
      {
        "MaterialCode": "R309147",
        "Quantity": 2.0000,
        "UnitPrice": 49939.0000,
        "RequestedDate": "2026-03-11",
        "Description": "SKU-CHOCOLATE NESTLE KIT KAT 41,5GR CAJA 96UN (XD)",
        "Uom": "UN"
      },
      {
        "MaterialCode": "R309265",
        "Quantity": 1.0000,
        "UnitPrice": 15470.0000,
        "RequestedDate": "2026-03-11",
        "Description": "SKU-SNACK MIX TENTACION 50GR CAJA 20UN (XD)",
        "Uom": "UN"
      },
      {
        "MaterialCode": "R309432",
        "Quantity": 3.0000,
        "UnitPrice": 9093.0000,
        "RequestedDate": "2026-03-11",
        "Description": "SKU-CHIPS DE VEGETALES TIKA FURIOSAS 35GR CAJA 15UN (XD).",
        "Uom": "UN"
      },
      {
        "MaterialCode": "R309456",
        "Quantity": 3.0000,
        "UnitPrice": 18911.0000,
        "RequestedDate": "2026-03-11",
        "Description": "SKU-CHICLE ORBIT MENTA DISPLAY 30UN (XD).",
        "Uom": "UN"
      },
      {
        "MaterialCode": "R309457",
        "Quantity": 7.0000,
        "UnitPrice": 18911.0000,
        "RequestedDate": "2026-03-11",
        "Description": "SKU-CHICLE ORBIT EUCALIPTUS DISPLAY 30UN (XD).",
        "Uom": "UN"
      },
      {
        "MaterialCode": "R309458",
        "Quantity": 1.0000,
        "UnitPrice": 18911.0000,
        "RequestedDate": "2026-03-11",
        "Description": "SKU-CHICLE ORBIT HIERBABUENA DISPLAY 30UN (XD).",
        "Uom": "UN"
      },
      {
        "MaterialCode": "R309620",
        "Quantity": 5.0000,
        "UnitPrice": 19714.0000,
        "RequestedDate": "2026-03-11",
        "Description": "SKU-CHICLE ORBIT HIERBABUENA S/AZUCAR 64GR DISPLAY 6UN (SS) (XD)",
        "Uom": "UN"
      },
      {
        "MaterialCode": "R309661",
        "Quantity": 11.0000,
        "UnitPrice": 24387.0000,
        "RequestedDate": "2026-03-11",
        "Description": "SKU-RAMITAS SALADAS EVERCRISP 230GR CAJA 16UN (XD)",
        "Uom": "UN"
      },
      {
        "MaterialCode": "R309761",
        "Quantity": 3.0000,
        "UnitPrice": 33780.0000,
        "RequestedDate": "2026-03-11",
        "Description": "SKU-CHOCOLATE M\u0026M PEANUT 141,8GR CAJA 12UN (XD)",
        "Uom": "UN"
      },
      {
        "MaterialCode": "R309762",
        "Quantity": 2.0000,
        "UnitPrice": 5794.0000,
        "RequestedDate": "2026-03-11",
        "Description": "SKU-CHICLE BIGTIME MENTA 11GR DISPLAY 20UN (XD)",
        "Uom": "UN"
      },
      {
        "MaterialCode": "R309763",
        "Quantity": 11.0000,
        "UnitPrice": 6084.0000,
        "RequestedDate": "2026-03-11",
        "Description": "SKU-CHICLE BIGTIME STRONG 11GR DISPLAY 20UN (SS) (XD)",
        "Uom": "UN"
      },
      {
        "MaterialCode": "R309764",
        "Quantity": 4.0000,
        "UnitPrice": 6084.0000,
        "RequestedDate": "2026-03-11",
        "Description": "SKU-CHICLE BIGTIME SANDIA 11GR DISPLAY 20UN (SS) (XD)",
        "Uom": "UN"
      },
      {
        "MaterialCode": "R309765",
        "Quantity": 47.0000,
        "UnitPrice": 6084.0000,
        "RequestedDate": "2026-03-11",
        "Description": "SKU-CHICLE BIGTIME REFRESCANTE 11GR DISPLAY 20UN (SS) (XD)",
        "Uom": "UN"
      },
      {
        "MaterialCode": "R309876",
        "Quantity": 2.0000,
        "UnitPrice": 23730.0000,
        "RequestedDate": "2026-03-11",
        "Description": "SKU-ALFAJOR ARTESANAL CACAO NEGRO 55GR CAJA 30UN (XD)",
        "Uom": "UN"
      },
      {
        "MaterialCode": "R309913",
        "Quantity": 2.0000,
        "UnitPrice": 8342.0000,
        "RequestedDate": "2026-03-11",
        "Description": "SKU-CHICLE TRIDENT INFINITI PEPPERMINT S/AZUCAR 26,6GR DISPLAY 12UN (SS) (XD)",
        "Uom": "UN"
      },
      {
        "MaterialCode": "R309920",
        "Quantity": 2.0000,
        "UnitPrice": 9270.0000,
        "RequestedDate": "2026-03-11",
        "Description": "SKU-CHICLE TRIDENT INFINITI PEPPERMINT S/AZUCAR 26,6GR DISPLAY 12UN (SS) (XD).",
        "Uom": "UN"
      },
      {
        "MaterialCode": "R310215",
        "Quantity": 5.0000,
        "UnitPrice": 17753.0000,
        "RequestedDate": "2026-03-11",
        "Description": "SKU-PAPA FRITA LAYS T/AMERICANO 200GR CAJA 12UN",
        "Uom": "UN"
      },
      {
        "MaterialCode": "R310342",
        "Quantity": 2.0000,
        "UnitPrice": 12600.0000,
        "RequestedDate": "2026-03-11",
        "Description": "SKU-AGUA SABORIZADA UNIKO MANZANA S/GAS 310ML CAJA 12UN (SS) (XD)",
        "Uom": "UN"
      },
      {
        "MaterialCode": "R310345",
        "Quantity": 1.0000,
        "UnitPrice": 12600.0000,
        "RequestedDate": "2026-03-11",
        "Description": "SKU-AGUA SABORIZADA UNIKO CRANBERRY C/GAS 310ML CAJA 12UN (SS) (XD)",
        "Uom": "UN"
      },
      {
        "MaterialCode": "R310393",
        "Quantity": 12.0000,
        "UnitPrice": 10756.0000,
        "RequestedDate": "2026-03-11",
        "Description": "SKU-SNACK MANI JAPONES 100G CAJA 16UN (XD)",
        "Uom": "UN"
      },
      {
        "MaterialCode": "R310394",
        "Quantity": 1.0000,
        "UnitPrice": 14928.0000,
        "RequestedDate": "2026-03-11",
        "Description": "SKU-PAPAS FRITAS CASERAS IND 42GR CAJA 54UN MARCO POLO (XD)",
        "Uom": "UN"
      },
      {
        "MaterialCode": "R310430",
        "Quantity": 4.0000,
        "UnitPrice": 17584.0000,
        "RequestedDate": "2026-03-11",
        "Description": "SKU-GALLETA CRIOLLITA 80GR CAJA 28UN MCKAY (XD)",
        "Uom": "UN"
      },
      {
        "MaterialCode": "R310436",
        "Quantity": 5.0000,
        "UnitPrice": 21860.0000,
        "RequestedDate": "2026-03-11",
        "Description": "SKU-SNACK TIKA NATURAL CHIPS-CEBOLLITA DULCE 150GR CAJA 15UN (XD)",
        "Uom": "UN"
      },
      {
        "MaterialCode": "R310438",
        "Quantity": 3.0000,
        "UnitPrice": 35948.0000,
        "RequestedDate": "2026-03-11",
        "Description": "SKU-SNACK TIKA NATURAL CHIPS-FURIOSA ESTANDAR 100GR CAJA 22UN (XD)",
        "Uom": "UN"
      },
      {
        "MaterialCode": "R310456",
        "Quantity": 1.0000,
        "UnitPrice": 21888.0000,
        "RequestedDate": "2026-03-11",
        "Description": "SKU-CHOCOLATE M\u0026M MANTEQUILLA MANI 127GR CAJA 8UN (XD).",
        "Uom": "UN"
      },
      {
        "MaterialCode": "R310457",
        "Quantity": 1.0000,
        "UnitPrice": 21633.0000,
        "RequestedDate": "2026-03-11",
        "Description": "SKU-GALLETA OREO VAINILLA 108GR CAJA 30UN (XD).",
        "Uom": "UN"
      },
      {
        "MaterialCode": "R310471",
        "Quantity": 4.0000,
        "UnitPrice": 29349.0000,
        "RequestedDate": "2026-03-11",
        "Description": "SKU-GALLETAS BISCUIT CHIP CHOCOLATE S/AZUCAR 145GR CAJA 24UN (XD)",
        "Uom": "UN"
      },
      {
        "MaterialCode": "R310551",
        "Quantity": 1.0000,
        "UnitPrice": 20004.0000,
        "RequestedDate": "2026-03-11",
        "Description": "SKU-CARAMELO FLOPI CEREZA S/AZUCAR 40GR DISPLAY 12UN (XD)",
        "Uom": "UN"
      },
      {
        "MaterialCode": "R310552",
        "Quantity": 1.0000,
        "UnitPrice": 20004.0000,
        "RequestedDate": "2026-03-11",
        "Description": "SKU-CARAMELO FLOPI MULTIFRUTA S/AZUCAR 40GR DISPLAY 12UN (XD)",
        "Uom": "UN"
      },
      {
        "MaterialCode": "R310560",
        "Quantity": 2.0000,
        "UnitPrice": 15600.0000,
        "RequestedDate": "2026-03-11",
        "Description": "SKU-BEBIDA GINGER BLESS MARACUYA LATA 310ML DISPLAY 12UN (XD)",
        "Uom": "UN"
      },
      {
        "MaterialCode": "R310644",
        "Quantity": 1.0000,
        "UnitPrice": 24342.0000,
        "RequestedDate": "2026-03-11",
        "Description": "SKU-CHOCOLATE MILKY WAY SINGLE 48GR DISPLAY 24UN (XD)",
        "Uom": "UN"
      },
      {
        "MaterialCode": "R310815",
        "Quantity": 3.0000,
        "UnitPrice": 70000.0000,
        "RequestedDate": "2026-03-11",
        "Description": "SKU-SNACK MIX EXTRA NUTS SALADO TNOGAL 125G CAJA 40UN (XD)",
        "Uom": "UN"
      },
      {
        "MaterialCode": "R310842",
        "Quantity": 2.0000,
        "UnitPrice": 34003.0000,
        "RequestedDate": "2026-03-11",
        "Description": "SKU-CHOCOLATE COSTA RAMA BLANCO 115GR CAJA 16UN (XD)",
        "Uom": "UN"
      },
      {
        "MaterialCode": "R310843",
        "Quantity": 1.0000,
        "UnitPrice": 24083.0000,
        "RequestedDate": "2026-03-11",
        "Description": "SKU-GOMITAS AMBROSOLI LOOP 90G DISPLAY 30UN (XD)",
        "Uom": "UN"
      },
      {
        "MaterialCode": "R310845",
        "Quantity": 2.0000,
        "UnitPrice": 39748.0000,
        "RequestedDate": "2026-03-11",
        "Description": "SKU-CHOCOLATE ESTUCHE COSTA VIZZIO XL 360GR CAJA 8UN (XD)",
        "Uom": "UN"
      },
      {
        "MaterialCode": "R311125",
        "Quantity": 3.0000,
        "UnitPrice": 22397.0000,
        "RequestedDate": "2026-03-11",
        "Description": "SKU-SNACK  SIN GLUTEN TOMATE ALBAHACA 100GR UN (XD)",
        "Uom": "UN"
      },
      {
        "MaterialCode": "R311172",
        "Quantity": 1.0000,
        "UnitPrice": 5751.0000,
        "RequestedDate": "2026-03-11",
        "Description": "SKU-CHOCOLATE ARCOR ROCKLETS 30GR DISPLAY 18UN (XD)",
        "Uom": "UN"
      },
      {
        "MaterialCode": "R311417",
        "Quantity": 2.0000,
        "UnitPrice": 18378.0000,
        "RequestedDate": "2026-03-11",
        "Description": "SKU-JUGO IND CITRIC NARANJA MANGO 500ML CAJA 12UN (XD)",
        "Uom": "UN"
      },
      {
        "MaterialCode": "R311418",
        "Quantity": 2.0000,
        "UnitPrice": 14100.0000,
        "RequestedDate": "2026-03-11",
        "Description": "SKU-JUGO IND CITRIC LIMONADA MENTA 500ML CAJA 12UN (XD)",
        "Uom": "UN"
      },
      {
        "MaterialCode": "R311708",
        "Quantity": 10.0000,
        "UnitPrice": 22894.0000,
        "RequestedDate": "2026-03-11",
        "Description": "SKU-SNACK DETODITO 275GR CAJA 11UN EVERSCRISP (XD)",
        "Uom": "UN"
      },
      {
        "MaterialCode": "R311709",
        "Quantity": 1.0000,
        "UnitPrice": 25971.0000,
        "RequestedDate": "2026-03-11",
        "Description": "SKU-PAPA FRITA LAYS T/AMERICANO 330GR CAJA 9UN (XD)",
        "Uom": "UN"
      },
      {
        "MaterialCode": "R312295",
        "Quantity": 2.0000,
        "UnitPrice": 48040.0000,
        "RequestedDate": "2026-03-11",
        "Description": "SKU-CHEETOS PALITO EVERCRISP 64GR CAJA 66UN (XD)",
        "Uom": "UN"
      },
      {
        "MaterialCode": "R312297",
        "Quantity": 2.0000,
        "UnitPrice": 15285.3800,
        "RequestedDate": "2026-03-11",
        "Description": "SKU-SNACK DETODITO QUESO 64GR CAJA 21UN EVERSCRISP (XD)",
        "Uom": "UN"
      }
    ]
  }
}
Response Status: 400 Bad Request
Response Headers:
  Transfer-Encoding: chunked
  Server: Microsoft-IIS/10.0
  X-Powered-By: ASP.NET
  Date: Thu, 19 Mar 2026 22:09:14 GMT
Response Content Headers:
  Content-Type: application/problem+json; charset=utf-8
Response Body: {"type":"https://tools.ietf.org/html/rfc7231#section-6.5.1","title":"Bad Request","status":400,"traceId":"00-63af29bc50448c531484a5bb60efcb67-0daa927385edb12c-00"}
-----
Timestamp: 2026-03-19T22:21:13.0785638Z
CorrelationId: f3b01617-d947-4c13-8176-5b503874e28a
Request URL: https://qa.keylogistics.cl/CRMAPI-QA/api/Integracion
Request Headers:
  APIKEY: [REDACTED]
  X-Correlation-ID: f3b01617-d947-4c13-8176-5b503874e28a
Payload: {
  "Modulo": "68073e0e748c6a204f601daa70f63f7c",
  "Parametros": {
    "OrderNumber": "10835010",
    "SupplierCode": "76024",
    "OrderDate": "2026-03-03",
    "DeliveryDate": "2026-03-11",
    "PaymentCondition": "D",
    "DeliveryLocationCode": "30004",
    "InvoiceLocationCode": "30004",
    "BillingLocationCode": "30004",
    "Notes": "31755//12-3-2026//BOD.CAMPAMENTO VCA-ESC",
    "Items": [
      {
        "MaterialCode": "R044305",
        "Quantity": 3.0000,
        "UnitPrice": 41214.0000,
        "RequestedDate": "2026-03-11",
        "Description": "SKU-CARAMELOS MASTICABLES STARBURST FRUIT 59GR CAJA 36UN (XD)",
        "Uom": "UN"
      },
      {
        "MaterialCode": "R046525",
        "Quantity": 2.0000,
        "UnitPrice": 21244.0000,
        "RequestedDate": "2026-03-11",
        "Description": "SKU-GALLETA COSTA GRETTELL CHOCOLATE 85GR CAJA 24UN (XD)",
        "Uom": "UN"
      },
      {
        "MaterialCode": "R091695",
        "Quantity": 4.0000,
        "UnitPrice": 6904.0000,
        "RequestedDate": "2026-03-11",
        "Description": "SKU-GALLETA DE SODA COSTA 54GR CAJA 27UN (XD)",
        "Uom": "UN"
      },
      {
        "MaterialCode": "R095026",
        "Quantity": 2.0000,
        "UnitPrice": 8617.0000,
        "RequestedDate": "2026-03-11",
        "Description": "SKU-TURRON ARCOR MANI 45GR CAJA 28UN (XD)",
        "Uom": "UN"
      },
      {
        "MaterialCode": "R101127",
        "Quantity": 3.0000,
        "UnitPrice": 5215.0000,
        "RequestedDate": "2026-03-11",
        "Description": "SKU-BOMBON COSTA VIZZIO 432GR DISPLAY 45UN (XD)",
        "Uom": "UN"
      },
      {
        "MaterialCode": "R251259",
        "Quantity": 1.0000,
        "UnitPrice": 48686.0000,
        "RequestedDate": "2026-03-11",
        "Description": "SKU-M\u0026M PEANUT SINGLES 48GR DISPLAY 48UN (XD)",
        "Uom": "UN"
      },
      {
        "MaterialCode": "R251266",
        "Quantity": 1.0000,
        "UnitPrice": 36525.0000,
        "RequestedDate": "2026-03-11",
        "Description": "SKU-M\u0026M PLAIN SINGLES 48GR DISPLAY 36UN (XD)",
        "Uom": "UN"
      },
      {
        "MaterialCode": "R251334",
        "Quantity": 3.0000,
        "UnitPrice": 36515.0000,
        "RequestedDate": "2026-03-11",
        "Description": "SKU-TWIX SINGLE 57GR DISPLAY 36UN (XD)",
        "Uom": "UN"
      },
      {
        "MaterialCode": "R251341",
        "Quantity": 6.0000,
        "UnitPrice": 48686.0000,
        "RequestedDate": "2026-03-11",
        "Description": "SKU-CHOCOLATE SNICKERS SINGLE 53GR DISPLAY 48UN (XD)",
        "Uom": "UN"
      },
      {
        "MaterialCode": "R253833",
        "Quantity": 4.0000,
        "UnitPrice": 7770.0000,
        "RequestedDate": "2026-03-11",
        "Description": "SKU-CHOCOLATE TRENCITO 24GR DISPLAY 30 UN NESTLE (XD)",
        "Uom": "UN"
      },
      {
        "MaterialCode": "R273435",
        "Quantity": 3.0000,
        "UnitPrice": 22041.0000,
        "RequestedDate": "2026-03-11",
        "Description": "SKU-CHOCOLATE COSTA ROLLS CRISPY 130GR CAJA 15UN (XD)",
        "Uom": "UN"
      },
      {
        "MaterialCode": "R281485",
        "Quantity": 1.0000,
        "UnitPrice": 12240.0000,
        "RequestedDate": "2026-03-11",
        "Description": "SKU-GALLETA TRITON MCKAY VAINILLA 129GR CAJA 30UN (XD)",
        "Uom": "UN"
      },
      {
        "MaterialCode": "R287036",
        "Quantity": 3.0000,
        "UnitPrice": 25256.0000,
        "RequestedDate": "2026-03-11",
        "Description": "SKU-PAPAS FRITAS LAYS STAX CHEDDAR 172GR CAJA 14UN EVERCRISP (XD)",
        "Uom": "UN"
      },
      {
        "MaterialCode": "R287043",
        "Quantity": 4.0000,
        "UnitPrice": 25256.0000,
        "RequestedDate": "2026-03-11",
        "Description": "SKU-PAPAS FRITAS LAYS STAX ORIGINAL 172GR CAJA 14UN EVERCRISP (XD)",
        "Uom": "UN"
      },
      {
        "MaterialCode": "R290128",
        "Quantity": 1.0000,
        "UnitPrice": 71424.0000,
        "RequestedDate": "2026-03-11",
        "Description": "SKU-CHOCOLATE PRESTIGIO 35GR CAJA 192UN NESTLE (XD)",
        "Uom": "UN"
      },
      {
        "MaterialCode": "R302791",
        "Quantity": 1.0000,
        "UnitPrice": 21244.0000,
        "RequestedDate": "2026-03-11",
        "Description": "SKU-GALLETA COSTA GRETTEL YOGHURT FRUTILLA 85GR CAJA 24UN (XD)",
        "Uom": "UN"
      },
      {
        "MaterialCode": "R303602",
        "Quantity": 1.0000,
        "UnitPrice": 11326.0000,
        "RequestedDate": "2026-03-11",
        "Description": "SKU-GALLETON AVENA BERRIES ECOVIDA 40GR CAJA 24UN (XD)",
        "Uom": "UN"
      },
      {
        "MaterialCode": "R303607",
        "Quantity": 1.0000,
        "UnitPrice": 39969.0000,
        "RequestedDate": "2026-03-11",
        "Description": "SKU-GALLETAS EMPAREDADOS DE CIRUELA ECOVIDA 150GR CAJA 30UN (XD)",
        "Uom": "UN"
      },
      {
        "MaterialCode": "R303610",
        "Quantity": 2.0000,
        "UnitPrice": 39969.0000,
        "RequestedDate": "2026-03-11",
        "Description": "SKU-GALLETAS EMPAREDADOS DE HIGO S/AZUCAR ECOVIDA 150GR CAJA 30UN (XD)",
        "Uom": "UN"
      },
      {
        "MaterialCode": "R304879",
        "Quantity": 5.0000,
        "UnitPrice": 12542.0000,
        "RequestedDate": "2026-03-11",
        "Description": "SKU-CARAMELOS AMBROSOLI FULL LIMON 27GR CAJA 60UN (XD)",
        "Uom": "UN"
      },
      {
        "MaterialCode": "R305104",
        "Quantity": 7.0000,
        "UnitPrice": 16492.0000,
        "RequestedDate": "2026-03-11",
        "Description": "SKU-SUPLEMENTO PROTEIN SNACK TWENTYS LEMON CHEESECAKE 60GR DISPLAY 12UN (XD)",
        "Uom": "UN"
      },
      {
        "MaterialCode": "R305163",
        "Quantity": 5.0000,
        "UnitPrice": 45897.0000,
        "RequestedDate": "2026-03-11",
        "Description": "SKU-CHOCOLATE COSTA NUSS 250GR DISPLAY 15UN (XD)",
        "Uom": "UN"
      },
      {
        "MaterialCode": "R307011",
        "Quantity": 3.0000,
        "UnitPrice": 14697.0000,
        "RequestedDate": "2026-03-11",
        "Description": "SKU-SUPLEMENTO PROTEIN BARRA CHOCOLATE 45GR DISPLAY 16UN (XD)",
        "Uom": "UN"
      },
      {
        "MaterialCode": "R307020",
        "Quantity": 3.0000,
        "UnitPrice": 28062.0000,
        "RequestedDate": "2026-03-11",
        "Description": "SKU-GALLETA CHOCOLATE FRUTILLA SIN AZUCAR\u00A0225GR CAJA 20UN ECOVIDA (XD)",
        "Uom": "UN"
      },
      {
        "MaterialCode": "R307327",
        "Quantity": 1.0000,
        "UnitPrice": 16512.0000,
        "RequestedDate": "2026-03-11",
        "Description": "SKU-GALLETA COSTA COCO TUAREG 120GR CAJA 35UN (XD)",
        "Uom": "UN"
      },
      {
        "MaterialCode": "R308732",
        "Quantity": 18.0000,
        "UnitPrice": 19714.0000,
        "RequestedDate": "2026-03-11",
        "Description": "SKU-CHICLE ORBIT BUBBLEMINT S/AZUCAR 64GR DISPLAY 6UN (SS) (XD)",
        "Uom": "UN"
      },
      {
        "MaterialCode": "R308736",
        "Quantity": 1.0000,
        "UnitPrice": 23429.0000,
        "RequestedDate": "2026-03-11",
        "Description": "SKU-CHOCOLATE MILKA LECHE 55GR DISPLAY 21UN (XD)",
        "Uom": "UN"
      },
      {
        "MaterialCode": "R308739",
        "Quantity": 1.0000,
        "UnitPrice": 18378.0000,
        "RequestedDate": "2026-03-11",
        "Description": "SKU-JUGO NATURAL IND CITRIC NARANJA 500ML CAJA 12UN (XD)",
        "Uom": "UN"
      },
      {
        "MaterialCode": "R308971",
        "Quantity": 4.0000,
        "UnitPrice": 15172.0000,
        "RequestedDate": "2026-03-11",
        "Description": "SKU-JUGO BLESS MARACUYA/NARANJA/PINA/MANZANA/LIMON 300CC CAJA 12UN (SS) (XD)",
        "Uom": "UN"
      },
      {
        "MaterialCode": "R308973",
        "Quantity": 1.0000,
        "UnitPrice": 15172.0000,
        "RequestedDate": "2026-03-11",
        "Description": "SKU-JUGO BLESS PEPINO/ESPIRUL/MANZANA/PI\u00D1A/JENGIBRE/LIMON 300CC CAJA 12UN (XD)",
        "Uom": "UN"
      },
      {
        "MaterialCode": "R309051",
        "Quantity": 5.0000,
        "UnitPrice": 16622.0000,
        "RequestedDate": "2026-03-11",
        "Description": "SKU-CHEETOS PALITOS 110GR CAJA 15UN EVERSCRISP (XD)",
        "Uom": "UN"
      },
      {
        "MaterialCode": "R309067",
        "Quantity": 2.0000,
        "UnitPrice": 56184.0000,
        "RequestedDate": "2026-03-11",
        "Description": "SKU-CHOCOLATE ESTUCHE COSTA VIZZIO 120GR CAJA 34UN (XD)",
        "Uom": "UN"
      },
      {
        "MaterialCode": "R309093",
        "Quantity": 1.0000,
        "UnitPrice": 47070.0000,
        "RequestedDate": "2026-03-11",
        "Description": "SKU-GALLETA ARCOR BON O BON 95GR CAJA 36UN (XD)",
        "Uom": "UN"
      },
      {
        "MaterialCode": "R309097",
        "Quantity": 6.0000,
        "UnitPrice": 16578.0000,
        "RequestedDate": "2026-03-11",
        "Description": "SKU-CHEEZELS EVERCRISP 100GR CAJA 16UN (XD)",
        "Uom": "UN"
      },
      {
        "MaterialCode": "R309146",
        "Quantity": 1.0000,
        "UnitPrice": 31430.0000,
        "RequestedDate": "2026-03-11",
        "Description": "SKU-CHOCOLATE NESTLE TRENCITO 150GR CAJA 14UN (XD)",
        "Uom": "UN"
      },
      {
        "MaterialCode": "R309147",
        "Quantity": 2.0000,
        "UnitPrice": 49939.0000,
        "RequestedDate": "2026-03-11",
        "Description": "SKU-CHOCOLATE NESTLE KIT KAT 41,5GR CAJA 96UN (XD)",
        "Uom": "UN"
      },
      {
        "MaterialCode": "R309265",
        "Quantity": 1.0000,
        "UnitPrice": 15470.0000,
        "RequestedDate": "2026-03-11",
        "Description": "SKU-SNACK MIX TENTACION 50GR CAJA 20UN (XD)",
        "Uom": "UN"
      },
      {
        "MaterialCode": "R309432",
        "Quantity": 3.0000,
        "UnitPrice": 9093.0000,
        "RequestedDate": "2026-03-11",
        "Description": "SKU-CHIPS DE VEGETALES TIKA FURIOSAS 35GR CAJA 15UN (XD).",
        "Uom": "UN"
      },
      {
        "MaterialCode": "R309456",
        "Quantity": 3.0000,
        "UnitPrice": 18911.0000,
        "RequestedDate": "2026-03-11",
        "Description": "SKU-CHICLE ORBIT MENTA DISPLAY 30UN (XD).",
        "Uom": "UN"
      },
      {
        "MaterialCode": "R309457",
        "Quantity": 7.0000,
        "UnitPrice": 18911.0000,
        "RequestedDate": "2026-03-11",
        "Description": "SKU-CHICLE ORBIT EUCALIPTUS DISPLAY 30UN (XD).",
        "Uom": "UN"
      },
      {
        "MaterialCode": "R309458",
        "Quantity": 1.0000,
        "UnitPrice": 18911.0000,
        "RequestedDate": "2026-03-11",
        "Description": "SKU-CHICLE ORBIT HIERBABUENA DISPLAY 30UN (XD).",
        "Uom": "UN"
      },
      {
        "MaterialCode": "R309620",
        "Quantity": 5.0000,
        "UnitPrice": 19714.0000,
        "RequestedDate": "2026-03-11",
        "Description": "SKU-CHICLE ORBIT HIERBABUENA S/AZUCAR 64GR DISPLAY 6UN (SS) (XD)",
        "Uom": "UN"
      },
      {
        "MaterialCode": "R309661",
        "Quantity": 11.0000,
        "UnitPrice": 24387.0000,
        "RequestedDate": "2026-03-11",
        "Description": "SKU-RAMITAS SALADAS EVERCRISP 230GR CAJA 16UN (XD)",
        "Uom": "UN"
      },
      {
        "MaterialCode": "R309761",
        "Quantity": 3.0000,
        "UnitPrice": 33780.0000,
        "RequestedDate": "2026-03-11",
        "Description": "SKU-CHOCOLATE M\u0026M PEANUT 141,8GR CAJA 12UN (XD)",
        "Uom": "UN"
      },
      {
        "MaterialCode": "R309762",
        "Quantity": 2.0000,
        "UnitPrice": 5794.0000,
        "RequestedDate": "2026-03-11",
        "Description": "SKU-CHICLE BIGTIME MENTA 11GR DISPLAY 20UN (XD)",
        "Uom": "UN"
      },
      {
        "MaterialCode": "R309763",
        "Quantity": 11.0000,
        "UnitPrice": 6084.0000,
        "RequestedDate": "2026-03-11",
        "Description": "SKU-CHICLE BIGTIME STRONG 11GR DISPLAY 20UN (SS) (XD)",
        "Uom": "UN"
      },
      {
        "MaterialCode": "R309764",
        "Quantity": 4.0000,
        "UnitPrice": 6084.0000,
        "RequestedDate": "2026-03-11",
        "Description": "SKU-CHICLE BIGTIME SANDIA 11GR DISPLAY 20UN (SS) (XD)",
        "Uom": "UN"
      },
      {
        "MaterialCode": "R309765",
        "Quantity": 47.0000,
        "UnitPrice": 6084.0000,
        "RequestedDate": "2026-03-11",
        "Description": "SKU-CHICLE BIGTIME REFRESCANTE 11GR DISPLAY 20UN (SS) (XD)",
        "Uom": "UN"
      },
      {
        "MaterialCode": "R309876",
        "Quantity": 2.0000,
        "UnitPrice": 23730.0000,
        "RequestedDate": "2026-03-11",
        "Description": "SKU-ALFAJOR ARTESANAL CACAO NEGRO 55GR CAJA 30UN (XD)",
        "Uom": "UN"
      },
      {
        "MaterialCode": "R309913",
        "Quantity": 2.0000,
        "UnitPrice": 8342.0000,
        "RequestedDate": "2026-03-11",
        "Description": "SKU-CHICLE TRIDENT INFINITI PEPPERMINT S/AZUCAR 26,6GR DISPLAY 12UN (SS) (XD)",
        "Uom": "UN"
      },
      {
        "MaterialCode": "R309920",
        "Quantity": 2.0000,
        "UnitPrice": 9270.0000,
        "RequestedDate": "2026-03-11",
        "Description": "SKU-CHICLE TRIDENT INFINITI PEPPERMINT S/AZUCAR 26,6GR DISPLAY 12UN (SS) (XD).",
        "Uom": "UN"
      },
      {
        "MaterialCode": "R310215",
        "Quantity": 5.0000,
        "UnitPrice": 17753.0000,
        "RequestedDate": "2026-03-11",
        "Description": "SKU-PAPA FRITA LAYS T/AMERICANO 200GR CAJA 12UN",
        "Uom": "UN"
      },
      {
        "MaterialCode": "R310342",
        "Quantity": 2.0000,
        "UnitPrice": 12600.0000,
        "RequestedDate": "2026-03-11",
        "Description": "SKU-AGUA SABORIZADA UNIKO MANZANA S/GAS 310ML CAJA 12UN (SS) (XD)",
        "Uom": "UN"
      },
      {
        "MaterialCode": "R310345",
        "Quantity": 1.0000,
        "UnitPrice": 12600.0000,
        "RequestedDate": "2026-03-11",
        "Description": "SKU-AGUA SABORIZADA UNIKO CRANBERRY C/GAS 310ML CAJA 12UN (SS) (XD)",
        "Uom": "UN"
      },
      {
        "MaterialCode": "R310393",
        "Quantity": 12.0000,
        "UnitPrice": 10756.0000,
        "RequestedDate": "2026-03-11",
        "Description": "SKU-SNACK MANI JAPONES 100G CAJA 16UN (XD)",
        "Uom": "UN"
      },
      {
        "MaterialCode": "R310394",
        "Quantity": 1.0000,
        "UnitPrice": 14928.0000,
        "RequestedDate": "2026-03-11",
        "Description": "SKU-PAPAS FRITAS CASERAS IND 42GR CAJA 54UN MARCO POLO (XD)",
        "Uom": "UN"
      },
      {
        "MaterialCode": "R310430",
        "Quantity": 4.0000,
        "UnitPrice": 17584.0000,
        "RequestedDate": "2026-03-11",
        "Description": "SKU-GALLETA CRIOLLITA 80GR CAJA 28UN MCKAY (XD)",
        "Uom": "UN"
      },
      {
        "MaterialCode": "R310436",
        "Quantity": 5.0000,
        "UnitPrice": 21860.0000,
        "RequestedDate": "2026-03-11",
        "Description": "SKU-SNACK TIKA NATURAL CHIPS-CEBOLLITA DULCE 150GR CAJA 15UN (XD)",
        "Uom": "UN"
      },
      {
        "MaterialCode": "R310438",
        "Quantity": 3.0000,
        "UnitPrice": 35948.0000,
        "RequestedDate": "2026-03-11",
        "Description": "SKU-SNACK TIKA NATURAL CHIPS-FURIOSA ESTANDAR 100GR CAJA 22UN (XD)",
        "Uom": "UN"
      },
      {
        "MaterialCode": "R310456",
        "Quantity": 1.0000,
        "UnitPrice": 21888.0000,
        "RequestedDate": "2026-03-11",
        "Description": "SKU-CHOCOLATE M\u0026M MANTEQUILLA MANI 127GR CAJA 8UN (XD).",
        "Uom": "UN"
      },
      {
        "MaterialCode": "R310457",
        "Quantity": 1.0000,
        "UnitPrice": 21633.0000,
        "RequestedDate": "2026-03-11",
        "Description": "SKU-GALLETA OREO VAINILLA 108GR CAJA 30UN (XD).",
        "Uom": "UN"
      },
      {
        "MaterialCode": "R310471",
        "Quantity": 4.0000,
        "UnitPrice": 29349.0000,
        "RequestedDate": "2026-03-11",
        "Description": "SKU-GALLETAS BISCUIT CHIP CHOCOLATE S/AZUCAR 145GR CAJA 24UN (XD)",
        "Uom": "UN"
      },
      {
        "MaterialCode": "R310551",
        "Quantity": 1.0000,
        "UnitPrice": 20004.0000,
        "RequestedDate": "2026-03-11",
        "Description": "SKU-CARAMELO FLOPI CEREZA S/AZUCAR 40GR DISPLAY 12UN (XD)",
        "Uom": "UN"
      },
      {
        "MaterialCode": "R310552",
        "Quantity": 1.0000,
        "UnitPrice": 20004.0000,
        "RequestedDate": "2026-03-11",
        "Description": "SKU-CARAMELO FLOPI MULTIFRUTA S/AZUCAR 40GR DISPLAY 12UN (XD)",
        "Uom": "UN"
      },
      {
        "MaterialCode": "R310560",
        "Quantity": 2.0000,
        "UnitPrice": 15600.0000,
        "RequestedDate": "2026-03-11",
        "Description": "SKU-BEBIDA GINGER BLESS MARACUYA LATA 310ML DISPLAY 12UN (XD)",
        "Uom": "UN"
      },
      {
        "MaterialCode": "R310644",
        "Quantity": 1.0000,
        "UnitPrice": 24342.0000,
        "RequestedDate": "2026-03-11",
        "Description": "SKU-CHOCOLATE MILKY WAY SINGLE 48GR DISPLAY 24UN (XD)",
        "Uom": "UN"
      },
      {
        "MaterialCode": "R310815",
        "Quantity": 3.0000,
        "UnitPrice": 70000.0000,
        "RequestedDate": "2026-03-11",
        "Description": "SKU-SNACK MIX EXTRA NUTS SALADO TNOGAL 125G CAJA 40UN (XD)",
        "Uom": "UN"
      },
      {
        "MaterialCode": "R310842",
        "Quantity": 2.0000,
        "UnitPrice": 34003.0000,
        "RequestedDate": "2026-03-11",
        "Description": "SKU-CHOCOLATE COSTA RAMA BLANCO 115GR CAJA 16UN (XD)",
        "Uom": "UN"
      },
      {
        "MaterialCode": "R310843",
        "Quantity": 1.0000,
        "UnitPrice": 24083.0000,
        "RequestedDate": "2026-03-11",
        "Description": "SKU-GOMITAS AMBROSOLI LOOP 90G DISPLAY 30UN (XD)",
        "Uom": "UN"
      },
      {
        "MaterialCode": "R310845",
        "Quantity": 2.0000,
        "UnitPrice": 39748.0000,
        "RequestedDate": "2026-03-11",
        "Description": "SKU-CHOCOLATE ESTUCHE COSTA VIZZIO XL 360GR CAJA 8UN (XD)",
        "Uom": "UN"
      },
      {
        "MaterialCode": "R311125",
        "Quantity": 3.0000,
        "UnitPrice": 22397.0000,
        "RequestedDate": "2026-03-11",
        "Description": "SKU-SNACK  SIN GLUTEN TOMATE ALBAHACA 100GR UN (XD)",
        "Uom": "UN"
      },
      {
        "MaterialCode": "R311172",
        "Quantity": 1.0000,
        "UnitPrice": 5751.0000,
        "RequestedDate": "2026-03-11",
        "Description": "SKU-CHOCOLATE ARCOR ROCKLETS 30GR DISPLAY 18UN (XD)",
        "Uom": "UN"
      },
      {
        "MaterialCode": "R311417",
        "Quantity": 2.0000,
        "UnitPrice": 18378.0000,
        "RequestedDate": "2026-03-11",
        "Description": "SKU-JUGO IND CITRIC NARANJA MANGO 500ML CAJA 12UN (XD)",
        "Uom": "UN"
      },
      {
        "MaterialCode": "R311418",
        "Quantity": 2.0000,
        "UnitPrice": 14100.0000,
        "RequestedDate": "2026-03-11",
        "Description": "SKU-JUGO IND CITRIC LIMONADA MENTA 500ML CAJA 12UN (XD)",
        "Uom": "UN"
      },
      {
        "MaterialCode": "R311708",
        "Quantity": 10.0000,
        "UnitPrice": 22894.0000,
        "RequestedDate": "2026-03-11",
        "Description": "SKU-SNACK DETODITO 275GR CAJA 11UN EVERSCRISP (XD)",
        "Uom": "UN"
      },
      {
        "MaterialCode": "R311709",
        "Quantity": 1.0000,
        "UnitPrice": 25971.0000,
        "RequestedDate": "2026-03-11",
        "Description": "SKU-PAPA FRITA LAYS T/AMERICANO 330GR CAJA 9UN (XD)",
        "Uom": "UN"
      },
      {
        "MaterialCode": "R312295",
        "Quantity": 2.0000,
        "UnitPrice": 48040.0000,
        "RequestedDate": "2026-03-11",
        "Description": "SKU-CHEETOS PALITO EVERCRISP 64GR CAJA 66UN (XD)",
        "Uom": "UN"
      },
      {
        "MaterialCode": "R312297",
        "Quantity": 2.0000,
        "UnitPrice": 15285.3800,
        "RequestedDate": "2026-03-11",
        "Description": "SKU-SNACK DETODITO QUESO 64GR CAJA 21UN EVERSCRISP (XD)",
        "Uom": "UN"
      }
    ]
  }
}
Response Status: 400 Bad Request
Response Headers:
  Transfer-Encoding: chunked
  Server: Microsoft-IIS/10.0
  X-Powered-By: ASP.NET
  Date: Thu, 19 Mar 2026 22:23:19 GMT
Response Content Headers:
  Content-Type: application/problem+json; charset=utf-8
Response Body: {"type":"https://tools.ietf.org/html/rfc7231#section-6.5.1","title":"Bad Request","status":400,"traceId":"00-f35c55d7062c7602812178cd2c7d437a-925f38b68bd3e6ff-00"}
-----
Timestamp: 2026-03-19T22:30:49.7502124Z
CorrelationId: 0321123c-352b-4ff4-b957-4938bbe74dd4
Request URL: https://qa.keylogistics.cl/CRMAPI-QA/api/Integracion
Request Headers:
  APIKEY: [REDACTED]
  X-Correlation-ID: 0321123c-352b-4ff4-b957-4938bbe74dd4
Payload: {
  "Modulo": "68073e0e748c6a204f601daa70f63f7c",
  "Parametros": {
    "OrderNumber": "10835010",
    "SupplierCode": "76024",
    "OrderDate": "2026-03-03",
    "DeliveryDate": "2026-03-11",
    "PaymentCondition": "D",
    "DeliveryLocationCode": "30004",
    "InvoiceLocationCode": "30004",
    "BillingLocationCode": "30004",
    "Notes": "31755//12-3-2026//BOD.CAMPAMENTO VCA-ESC",
    "Items": [
      {
        "MaterialCode": "R044305",
        "Quantity": 3.0000,
        "UnitPrice": 41214.0000,
        "RequestedDate": "2026-03-11",
        "Description": "SKU-CARAMELOS MASTICABLES STARBURST FRUIT 59GR CAJA 36UN (XD)",
        "Uom": "UN"
      },
      {
        "MaterialCode": "R046525",
        "Quantity": 2.0000,
        "UnitPrice": 21244.0000,
        "RequestedDate": "2026-03-11",
        "Description": "SKU-GALLETA COSTA GRETTELL CHOCOLATE 85GR CAJA 24UN (XD)",
        "Uom": "UN"
      },
      {
        "MaterialCode": "R091695",
        "Quantity": 4.0000,
        "UnitPrice": 6904.0000,
        "RequestedDate": "2026-03-11",
        "Description": "SKU-GALLETA DE SODA COSTA 54GR CAJA 27UN (XD)",
        "Uom": "UN"
      },
      {
        "MaterialCode": "R095026",
        "Quantity": 2.0000,
        "UnitPrice": 8617.0000,
        "RequestedDate": "2026-03-11",
        "Description": "SKU-TURRON ARCOR MANI 45GR CAJA 28UN (XD)",
        "Uom": "UN"
      },
      {
        "MaterialCode": "R101127",
        "Quantity": 3.0000,
        "UnitPrice": 5215.0000,
        "RequestedDate": "2026-03-11",
        "Description": "SKU-BOMBON COSTA VIZZIO 432GR DISPLAY 45UN (XD)",
        "Uom": "UN"
      },
      {
        "MaterialCode": "R251259",
        "Quantity": 1.0000,
        "UnitPrice": 48686.0000,
        "RequestedDate": "2026-03-11",
        "Description": "SKU-M\u0026M PEANUT SINGLES 48GR DISPLAY 48UN (XD)",
        "Uom": "UN"
      },
      {
        "MaterialCode": "R251266",
        "Quantity": 1.0000,
        "UnitPrice": 36525.0000,
        "RequestedDate": "2026-03-11",
        "Description": "SKU-M\u0026M PLAIN SINGLES 48GR DISPLAY 36UN (XD)",
        "Uom": "UN"
      },
      {
        "MaterialCode": "R251334",
        "Quantity": 3.0000,
        "UnitPrice": 36515.0000,
        "RequestedDate": "2026-03-11",
        "Description": "SKU-TWIX SINGLE 57GR DISPLAY 36UN (XD)",
        "Uom": "UN"
      },
      {
        "MaterialCode": "R251341",
        "Quantity": 6.0000,
        "UnitPrice": 48686.0000,
        "RequestedDate": "2026-03-11",
        "Description": "SKU-CHOCOLATE SNICKERS SINGLE 53GR DISPLAY 48UN (XD)",
        "Uom": "UN"
      },
      {
        "MaterialCode": "R253833",
        "Quantity": 4.0000,
        "UnitPrice": 7770.0000,
        "RequestedDate": "2026-03-11",
        "Description": "SKU-CHOCOLATE TRENCITO 24GR DISPLAY 30 UN NESTLE (XD)",
        "Uom": "UN"
      },
      {
        "MaterialCode": "R273435",
        "Quantity": 3.0000,
        "UnitPrice": 22041.0000,
        "RequestedDate": "2026-03-11",
        "Description": "SKU-CHOCOLATE COSTA ROLLS CRISPY 130GR CAJA 15UN (XD)",
        "Uom": "UN"
      },
      {
        "MaterialCode": "R281485",
        "Quantity": 1.0000,
        "UnitPrice": 12240.0000,
        "RequestedDate": "2026-03-11",
        "Description": "SKU-GALLETA TRITON MCKAY VAINILLA 129GR CAJA 30UN (XD)",
        "Uom": "UN"
      },
      {
        "MaterialCode": "R287036",
        "Quantity": 3.0000,
        "UnitPrice": 25256.0000,
        "RequestedDate": "2026-03-11",
        "Description": "SKU-PAPAS FRITAS LAYS STAX CHEDDAR 172GR CAJA 14UN EVERCRISP (XD)",
        "Uom": "UN"
      },
      {
        "MaterialCode": "R287043",
        "Quantity": 4.0000,
        "UnitPrice": 25256.0000,
        "RequestedDate": "2026-03-11",
        "Description": "SKU-PAPAS FRITAS LAYS STAX ORIGINAL 172GR CAJA 14UN EVERCRISP (XD)",
        "Uom": "UN"
      },
      {
        "MaterialCode": "R290128",
        "Quantity": 1.0000,
        "UnitPrice": 71424.0000,
        "RequestedDate": "2026-03-11",
        "Description": "SKU-CHOCOLATE PRESTIGIO 35GR CAJA 192UN NESTLE (XD)",
        "Uom": "UN"
      },
      {
        "MaterialCode": "R302791",
        "Quantity": 1.0000,
        "UnitPrice": 21244.0000,
        "RequestedDate": "2026-03-11",
        "Description": "SKU-GALLETA COSTA GRETTEL YOGHURT FRUTILLA 85GR CAJA 24UN (XD)",
        "Uom": "UN"
      },
      {
        "MaterialCode": "R303602",
        "Quantity": 1.0000,
        "UnitPrice": 11326.0000,
        "RequestedDate": "2026-03-11",
        "Description": "SKU-GALLETON AVENA BERRIES ECOVIDA 40GR CAJA 24UN (XD)",
        "Uom": "UN"
      },
      {
        "MaterialCode": "R303607",
        "Quantity": 1.0000,
        "UnitPrice": 39969.0000,
        "RequestedDate": "2026-03-11",
        "Description": "SKU-GALLETAS EMPAREDADOS DE CIRUELA ECOVIDA 150GR CAJA 30UN (XD)",
        "Uom": "UN"
      },
      {
        "MaterialCode": "R303610",
        "Quantity": 2.0000,
        "UnitPrice": 39969.0000,
        "RequestedDate": "2026-03-11",
        "Description": "SKU-GALLETAS EMPAREDADOS DE HIGO S/AZUCAR ECOVIDA 150GR CAJA 30UN (XD)",
        "Uom": "UN"
      },
      {
        "MaterialCode": "R304879",
        "Quantity": 5.0000,
        "UnitPrice": 12542.0000,
        "RequestedDate": "2026-03-11",
        "Description": "SKU-CARAMELOS AMBROSOLI FULL LIMON 27GR CAJA 60UN (XD)",
        "Uom": "UN"
      },
      {
        "MaterialCode": "R305104",
        "Quantity": 7.0000,
        "UnitPrice": 16492.0000,
        "RequestedDate": "2026-03-11",
        "Description": "SKU-SUPLEMENTO PROTEIN SNACK TWENTYS LEMON CHEESECAKE 60GR DISPLAY 12UN (XD)",
        "Uom": "UN"
      },
      {
        "MaterialCode": "R305163",
        "Quantity": 5.0000,
        "UnitPrice": 45897.0000,
        "RequestedDate": "2026-03-11",
        "Description": "SKU-CHOCOLATE COSTA NUSS 250GR DISPLAY 15UN (XD)",
        "Uom": "UN"
      },
      {
        "MaterialCode": "R307011",
        "Quantity": 3.0000,
        "UnitPrice": 14697.0000,
        "RequestedDate": "2026-03-11",
        "Description": "SKU-SUPLEMENTO PROTEIN BARRA CHOCOLATE 45GR DISPLAY 16UN (XD)",
        "Uom": "UN"
      },
      {
        "MaterialCode": "R307020",
        "Quantity": 3.0000,
        "UnitPrice": 28062.0000,
        "RequestedDate": "2026-03-11",
        "Description": "SKU-GALLETA CHOCOLATE FRUTILLA SIN AZUCAR\u00A0225GR CAJA 20UN ECOVIDA (XD)",
        "Uom": "UN"
      },
      {
        "MaterialCode": "R307327",
        "Quantity": 1.0000,
        "UnitPrice": 16512.0000,
        "RequestedDate": "2026-03-11",
        "Description": "SKU-GALLETA COSTA COCO TUAREG 120GR CAJA 35UN (XD)",
        "Uom": "UN"
      },
      {
        "MaterialCode": "R308732",
        "Quantity": 18.0000,
        "UnitPrice": 19714.0000,
        "RequestedDate": "2026-03-11",
        "Description": "SKU-CHICLE ORBIT BUBBLEMINT S/AZUCAR 64GR DISPLAY 6UN (SS) (XD)",
        "Uom": "UN"
      },
      {
        "MaterialCode": "R308736",
        "Quantity": 1.0000,
        "UnitPrice": 23429.0000,
        "RequestedDate": "2026-03-11",
        "Description": "SKU-CHOCOLATE MILKA LECHE 55GR DISPLAY 21UN (XD)",
        "Uom": "UN"
      },
      {
        "MaterialCode": "R308739",
        "Quantity": 1.0000,
        "UnitPrice": 18378.0000,
        "RequestedDate": "2026-03-11",
        "Description": "SKU-JUGO NATURAL IND CITRIC NARANJA 500ML CAJA 12UN (XD)",
        "Uom": "UN"
      },
      {
        "MaterialCode": "R308971",
        "Quantity": 4.0000,
        "UnitPrice": 15172.0000,
        "RequestedDate": "2026-03-11",
        "Description": "SKU-JUGO BLESS MARACUYA/NARANJA/PINA/MANZANA/LIMON 300CC CAJA 12UN (SS) (XD)",
        "Uom": "UN"
      },
      {
        "MaterialCode": "R308973",
        "Quantity": 1.0000,
        "UnitPrice": 15172.0000,
        "RequestedDate": "2026-03-11",
        "Description": "SKU-JUGO BLESS PEPINO/ESPIRUL/MANZANA/PI\u00D1A/JENGIBRE/LIMON 300CC CAJA 12UN (XD)",
        "Uom": "UN"
      },
      {
        "MaterialCode": "R309051",
        "Quantity": 5.0000,
        "UnitPrice": 16622.0000,
        "RequestedDate": "2026-03-11",
        "Description": "SKU-CHEETOS PALITOS 110GR CAJA 15UN EVERSCRISP (XD)",
        "Uom": "UN"
      },
      {
        "MaterialCode": "R309067",
        "Quantity": 2.0000,
        "UnitPrice": 56184.0000,
        "RequestedDate": "2026-03-11",
        "Description": "SKU-CHOCOLATE ESTUCHE COSTA VIZZIO 120GR CAJA 34UN (XD)",
        "Uom": "UN"
      },
      {
        "MaterialCode": "R309093",
        "Quantity": 1.0000,
        "UnitPrice": 47070.0000,
        "RequestedDate": "2026-03-11",
        "Description": "SKU-GALLETA ARCOR BON O BON 95GR CAJA 36UN (XD)",
        "Uom": "UN"
      },
      {
        "MaterialCode": "R309097",
        "Quantity": 6.0000,
        "UnitPrice": 16578.0000,
        "RequestedDate": "2026-03-11",
        "Description": "SKU-CHEEZELS EVERCRISP 100GR CAJA 16UN (XD)",
        "Uom": "UN"
      },
      {
        "MaterialCode": "R309146",
        "Quantity": 1.0000,
        "UnitPrice": 31430.0000,
        "RequestedDate": "2026-03-11",
        "Description": "SKU-CHOCOLATE NESTLE TRENCITO 150GR CAJA 14UN (XD)",
        "Uom": "UN"
      },
      {
        "MaterialCode": "R309147",
        "Quantity": 2.0000,
        "UnitPrice": 49939.0000,
        "RequestedDate": "2026-03-11",
        "Description": "SKU-CHOCOLATE NESTLE KIT KAT 41,5GR CAJA 96UN (XD)",
        "Uom": "UN"
      },
      {
        "MaterialCode": "R309265",
        "Quantity": 1.0000,
        "UnitPrice": 15470.0000,
        "RequestedDate": "2026-03-11",
        "Description": "SKU-SNACK MIX TENTACION 50GR CAJA 20UN (XD)",
        "Uom": "UN"
      },
      {
        "MaterialCode": "R309432",
        "Quantity": 3.0000,
        "UnitPrice": 9093.0000,
        "RequestedDate": "2026-03-11",
        "Description": "SKU-CHIPS DE VEGETALES TIKA FURIOSAS 35GR CAJA 15UN (XD).",
        "Uom": "UN"
      },
      {
        "MaterialCode": "R309456",
        "Quantity": 3.0000,
        "UnitPrice": 18911.0000,
        "RequestedDate": "2026-03-11",
        "Description": "SKU-CHICLE ORBIT MENTA DISPLAY 30UN (XD).",
        "Uom": "UN"
      },
      {
        "MaterialCode": "R309457",
        "Quantity": 7.0000,
        "UnitPrice": 18911.0000,
        "RequestedDate": "2026-03-11",
        "Description": "SKU-CHICLE ORBIT EUCALIPTUS DISPLAY 30UN (XD).",
        "Uom": "UN"
      },
      {
        "MaterialCode": "R309458",
        "Quantity": 1.0000,
        "UnitPrice": 18911.0000,
        "RequestedDate": "2026-03-11",
        "Description": "SKU-CHICLE ORBIT HIERBABUENA DISPLAY 30UN (XD).",
        "Uom": "UN"
      },
      {
        "MaterialCode": "R309620",
        "Quantity": 5.0000,
        "UnitPrice": 19714.0000,
        "RequestedDate": "2026-03-11",
        "Description": "SKU-CHICLE ORBIT HIERBABUENA S/AZUCAR 64GR DISPLAY 6UN (SS) (XD)",
        "Uom": "UN"
      },
      {
        "MaterialCode": "R309661",
        "Quantity": 11.0000,
        "UnitPrice": 24387.0000,
        "RequestedDate": "2026-03-11",
        "Description": "SKU-RAMITAS SALADAS EVERCRISP 230GR CAJA 16UN (XD)",
        "Uom": "UN"
      },
      {
        "MaterialCode": "R309761",
        "Quantity": 3.0000,
        "UnitPrice": 33780.0000,
        "RequestedDate": "2026-03-11",
        "Description": "SKU-CHOCOLATE M\u0026M PEANUT 141,8GR CAJA 12UN (XD)",
        "Uom": "UN"
      },
      {
        "MaterialCode": "R309762",
        "Quantity": 2.0000,
        "UnitPrice": 5794.0000,
        "RequestedDate": "2026-03-11",
        "Description": "SKU-CHICLE BIGTIME MENTA 11GR DISPLAY 20UN (XD)",
        "Uom": "UN"
      },
      {
        "MaterialCode": "R309763",
        "Quantity": 11.0000,
        "UnitPrice": 6084.0000,
        "RequestedDate": "2026-03-11",
        "Description": "SKU-CHICLE BIGTIME STRONG 11GR DISPLAY 20UN (SS) (XD)",
        "Uom": "UN"
      },
      {
        "MaterialCode": "R309764",
        "Quantity": 4.0000,
        "UnitPrice": 6084.0000,
        "RequestedDate": "2026-03-11",
        "Description": "SKU-CHICLE BIGTIME SANDIA 11GR DISPLAY 20UN (SS) (XD)",
        "Uom": "UN"
      },
      {
        "MaterialCode": "R309765",
        "Quantity": 47.0000,
        "UnitPrice": 6084.0000,
        "RequestedDate": "2026-03-11",
        "Description": "SKU-CHICLE BIGTIME REFRESCANTE 11GR DISPLAY 20UN (SS) (XD)",
        "Uom": "UN"
      },
      {
        "MaterialCode": "R309876",
        "Quantity": 2.0000,
        "UnitPrice": 23730.0000,
        "RequestedDate": "2026-03-11",
        "Description": "SKU-ALFAJOR ARTESANAL CACAO NEGRO 55GR CAJA 30UN (XD)",
        "Uom": "UN"
      },
      {
        "MaterialCode": "R309913",
        "Quantity": 2.0000,
        "UnitPrice": 8342.0000,
        "RequestedDate": "2026-03-11",
        "Description": "SKU-CHICLE TRIDENT INFINITI PEPPERMINT S/AZUCAR 26,6GR DISPLAY 12UN (SS) (XD)",
        "Uom": "UN"
      },
      {
        "MaterialCode": "R309920",
        "Quantity": 2.0000,
        "UnitPrice": 9270.0000,
        "RequestedDate": "2026-03-11",
        "Description": "SKU-CHICLE TRIDENT INFINITI PEPPERMINT S/AZUCAR 26,6GR DISPLAY 12UN (SS) (XD).",
        "Uom": "UN"
      },
      {
        "MaterialCode": "R310215",
        "Quantity": 5.0000,
        "UnitPrice": 17753.0000,
        "RequestedDate": "2026-03-11",
        "Description": "SKU-PAPA FRITA LAYS T/AMERICANO 200GR CAJA 12UN",
        "Uom": "UN"
      },
      {
        "MaterialCode": "R310342",
        "Quantity": 2.0000,
        "UnitPrice": 12600.0000,
        "RequestedDate": "2026-03-11",
        "Description": "SKU-AGUA SABORIZADA UNIKO MANZANA S/GAS 310ML CAJA 12UN (SS) (XD)",
        "Uom": "UN"
      },
      {
        "MaterialCode": "R310345",
        "Quantity": 1.0000,
        "UnitPrice": 12600.0000,
        "RequestedDate": "2026-03-11",
        "Description": "SKU-AGUA SABORIZADA UNIKO CRANBERRY C/GAS 310ML CAJA 12UN (SS) (XD)",
        "Uom": "UN"
      },
      {
        "MaterialCode": "R310393",
        "Quantity": 12.0000,
        "UnitPrice": 10756.0000,
        "RequestedDate": "2026-03-11",
        "Description": "SKU-SNACK MANI JAPONES 100G CAJA 16UN (XD)",
        "Uom": "UN"
      },
      {
        "MaterialCode": "R310394",
        "Quantity": 1.0000,
        "UnitPrice": 14928.0000,
        "RequestedDate": "2026-03-11",
        "Description": "SKU-PAPAS FRITAS CASERAS IND 42GR CAJA 54UN MARCO POLO (XD)",
        "Uom": "UN"
      },
      {
        "MaterialCode": "R310430",
        "Quantity": 4.0000,
        "UnitPrice": 17584.0000,
        "RequestedDate": "2026-03-11",
        "Description": "SKU-GALLETA CRIOLLITA 80GR CAJA 28UN MCKAY (XD)",
        "Uom": "UN"
      },
      {
        "MaterialCode": "R310436",
        "Quantity": 5.0000,
        "UnitPrice": 21860.0000,
        "RequestedDate": "2026-03-11",
        "Description": "SKU-SNACK TIKA NATURAL CHIPS-CEBOLLITA DULCE 150GR CAJA 15UN (XD)",
        "Uom": "UN"
      },
      {
        "MaterialCode": "R310438",
        "Quantity": 3.0000,
        "UnitPrice": 35948.0000,
        "RequestedDate": "2026-03-11",
        "Description": "SKU-SNACK TIKA NATURAL CHIPS-FURIOSA ESTANDAR 100GR CAJA 22UN (XD)",
        "Uom": "UN"
      },
      {
        "MaterialCode": "R310456",
        "Quantity": 1.0000,
        "UnitPrice": 21888.0000,
        "RequestedDate": "2026-03-11",
        "Description": "SKU-CHOCOLATE M\u0026M MANTEQUILLA MANI 127GR CAJA 8UN (XD).",
        "Uom": "UN"
      },
      {
        "MaterialCode": "R310457",
        "Quantity": 1.0000,
        "UnitPrice": 21633.0000,
        "RequestedDate": "2026-03-11",
        "Description": "SKU-GALLETA OREO VAINILLA 108GR CAJA 30UN (XD).",
        "Uom": "UN"
      },
      {
        "MaterialCode": "R310471",
        "Quantity": 4.0000,
        "UnitPrice": 29349.0000,
        "RequestedDate": "2026-03-11",
        "Description": "SKU-GALLETAS BISCUIT CHIP CHOCOLATE S/AZUCAR 145GR CAJA 24UN (XD)",
        "Uom": "UN"
      },
      {
        "MaterialCode": "R310551",
        "Quantity": 1.0000,
        "UnitPrice": 20004.0000,
        "RequestedDate": "2026-03-11",
        "Description": "SKU-CARAMELO FLOPI CEREZA S/AZUCAR 40GR DISPLAY 12UN (XD)",
        "Uom": "UN"
      },
      {
        "MaterialCode": "R310552",
        "Quantity": 1.0000,
        "UnitPrice": 20004.0000,
        "RequestedDate": "2026-03-11",
        "Description": "SKU-CARAMELO FLOPI MULTIFRUTA S/AZUCAR 40GR DISPLAY 12UN (XD)",
        "Uom": "UN"
      },
      {
        "MaterialCode": "R310560",
        "Quantity": 2.0000,
        "UnitPrice": 15600.0000,
        "RequestedDate": "2026-03-11",
        "Description": "SKU-BEBIDA GINGER BLESS MARACUYA LATA 310ML DISPLAY 12UN (XD)",
        "Uom": "UN"
      },
      {
        "MaterialCode": "R310644",
        "Quantity": 1.0000,
        "UnitPrice": 24342.0000,
        "RequestedDate": "2026-03-11",
        "Description": "SKU-CHOCOLATE MILKY WAY SINGLE 48GR DISPLAY 24UN (XD)",
        "Uom": "UN"
      },
      {
        "MaterialCode": "R310815",
        "Quantity": 3.0000,
        "UnitPrice": 70000.0000,
        "RequestedDate": "2026-03-11",
        "Description": "SKU-SNACK MIX EXTRA NUTS SALADO TNOGAL 125G CAJA 40UN (XD)",
        "Uom": "UN"
      },
      {
        "MaterialCode": "R310842",
        "Quantity": 2.0000,
        "UnitPrice": 34003.0000,
        "RequestedDate": "2026-03-11",
        "Description": "SKU-CHOCOLATE COSTA RAMA BLANCO 115GR CAJA 16UN (XD)",
        "Uom": "UN"
      },
      {
        "MaterialCode": "R310843",
        "Quantity": 1.0000,
        "UnitPrice": 24083.0000,
        "RequestedDate": "2026-03-11",
        "Description": "SKU-GOMITAS AMBROSOLI LOOP 90G DISPLAY 30UN (XD)",
        "Uom": "UN"
      },
      {
        "MaterialCode": "R310845",
        "Quantity": 2.0000,
        "UnitPrice": 39748.0000,
        "RequestedDate": "2026-03-11",
        "Description": "SKU-CHOCOLATE ESTUCHE COSTA VIZZIO XL 360GR CAJA 8UN (XD)",
        "Uom": "UN"
      },
      {
        "MaterialCode": "R311125",
        "Quantity": 3.0000,
        "UnitPrice": 22397.0000,
        "RequestedDate": "2026-03-11",
        "Description": "SKU-SNACK  SIN GLUTEN TOMATE ALBAHACA 100GR UN (XD)",
        "Uom": "UN"
      },
      {
        "MaterialCode": "R311172",
        "Quantity": 1.0000,
        "UnitPrice": 5751.0000,
        "RequestedDate": "2026-03-11",
        "Description": "SKU-CHOCOLATE ARCOR ROCKLETS 30GR DISPLAY 18UN (XD)",
        "Uom": "UN"
      },
      {
        "MaterialCode": "R311417",
        "Quantity": 2.0000,
        "UnitPrice": 18378.0000,
        "RequestedDate": "2026-03-11",
        "Description": "SKU-JUGO IND CITRIC NARANJA MANGO 500ML CAJA 12UN (XD)",
        "Uom": "UN"
      },
      {
        "MaterialCode": "R311418",
        "Quantity": 2.0000,
        "UnitPrice": 14100.0000,
        "RequestedDate": "2026-03-11",
        "Description": "SKU-JUGO IND CITRIC LIMONADA MENTA 500ML CAJA 12UN (XD)",
        "Uom": "UN"
      },
      {
        "MaterialCode": "R311708",
        "Quantity": 10.0000,
        "UnitPrice": 22894.0000,
        "RequestedDate": "2026-03-11",
        "Description": "SKU-SNACK DETODITO 275GR CAJA 11UN EVERSCRISP (XD)",
        "Uom": "UN"
      },
      {
        "MaterialCode": "R311709",
        "Quantity": 1.0000,
        "UnitPrice": 25971.0000,
        "RequestedDate": "2026-03-11",
        "Description": "SKU-PAPA FRITA LAYS T/AMERICANO 330GR CAJA 9UN (XD)",
        "Uom": "UN"
      },
      {
        "MaterialCode": "R312295",
        "Quantity": 2.0000,
        "UnitPrice": 48040.0000,
        "RequestedDate": "2026-03-11",
        "Description": "SKU-CHEETOS PALITO EVERCRISP 64GR CAJA 66UN (XD)",
        "Uom": "UN"
      },
      {
        "MaterialCode": "R312297",
        "Quantity": 2.0000,
        "UnitPrice": 15285.3800,
        "RequestedDate": "2026-03-11",
        "Description": "SKU-SNACK DETODITO QUESO 64GR CAJA 21UN EVERSCRISP (XD)",
        "Uom": "UN"
      }
    ]
  }
}
Response Status: 400 Bad Request
Response Headers:
  Transfer-Encoding: chunked
  Server: Microsoft-IIS/10.0
  X-Powered-By: ASP.NET
  Date: Thu, 19 Mar 2026 22:32:56 GMT
Response Content Headers:
  Content-Type: application/problem+json; charset=utf-8
Response Body: {"type":"https://tools.ietf.org/html/rfc7231#section-6.5.1","title":"Bad Request","status":400,"traceId":"00-570c3398497d5190ba48f145277f2f11-17baf195c859c6fe-00"}
-----
Timestamp: 2026-03-19T22:35:40.5355637Z
CorrelationId: 1d4fc4dd-ee6f-4c1d-8df0-87c95a443c9d
Request URL: https://qa.keylogistics.cl/CRMAPI-QA/api/Integracion
Request Headers:
  APIKEY: [REDACTED]
  X-Correlation-ID: 1d4fc4dd-ee6f-4c1d-8df0-87c95a443c9d
Payload: {
  "Modulo": "68073e0e748c6a204f601daa70f63f7c",
  "parametros": {
    "OrderNumber": "10835010",
    "SupplierCode": "76024",
    "OrderDate": "2026-03-03",
    "DeliveryDate": "2026-03-11",
    "PaymentCondition": "D",
    "DeliveryLocationCode": "30004",
    "InvoiceLocationCode": "30004",
    "BillingLocationCode": "30004",
    "Notes": "31755//12-3-2026//BOD.CAMPAMENTO VCA-ESC",
    "Items": [
      {
        "MaterialCode": "R044305",
        "Quantity": 3.0000,
        "UnitPrice": 41214.0000,
        "RequestedDate": "2026-03-11",
        "Description": "SKU-CARAMELOS MASTICABLES STARBURST FRUIT 59GR CAJA 36UN (XD)",
        "Uom": "UN"
      },
      {
        "MaterialCode": "R046525",
        "Quantity": 2.0000,
        "UnitPrice": 21244.0000,
        "RequestedDate": "2026-03-11",
        "Description": "SKU-GALLETA COSTA GRETTELL CHOCOLATE 85GR CAJA 24UN (XD)",
        "Uom": "UN"
      },
      {
        "MaterialCode": "R091695",
        "Quantity": 4.0000,
        "UnitPrice": 6904.0000,
        "RequestedDate": "2026-03-11",
        "Description": "SKU-GALLETA DE SODA COSTA 54GR CAJA 27UN (XD)",
        "Uom": "UN"
      },
      {
        "MaterialCode": "R095026",
        "Quantity": 2.0000,
        "UnitPrice": 8617.0000,
        "RequestedDate": "2026-03-11",
        "Description": "SKU-TURRON ARCOR MANI 45GR CAJA 28UN (XD)",
        "Uom": "UN"
      },
      {
        "MaterialCode": "R101127",
        "Quantity": 3.0000,
        "UnitPrice": 5215.0000,
        "RequestedDate": "2026-03-11",
        "Description": "SKU-BOMBON COSTA VIZZIO 432GR DISPLAY 45UN (XD)",
        "Uom": "UN"
      },
      {
        "MaterialCode": "R251259",
        "Quantity": 1.0000,
        "UnitPrice": 48686.0000,
        "RequestedDate": "2026-03-11",
        "Description": "SKU-M\u0026M PEANUT SINGLES 48GR DISPLAY 48UN (XD)",
        "Uom": "UN"
      },
      {
        "MaterialCode": "R251266",
        "Quantity": 1.0000,
        "UnitPrice": 36525.0000,
        "RequestedDate": "2026-03-11",
        "Description": "SKU-M\u0026M PLAIN SINGLES 48GR DISPLAY 36UN (XD)",
        "Uom": "UN"
      },
      {
        "MaterialCode": "R251334",
        "Quantity": 3.0000,
        "UnitPrice": 36515.0000,
        "RequestedDate": "2026-03-11",
        "Description": "SKU-TWIX SINGLE 57GR DISPLAY 36UN (XD)",
        "Uom": "UN"
      },
      {
        "MaterialCode": "R251341",
        "Quantity": 6.0000,
        "UnitPrice": 48686.0000,
        "RequestedDate": "2026-03-11",
        "Description": "SKU-CHOCOLATE SNICKERS SINGLE 53GR DISPLAY 48UN (XD)",
        "Uom": "UN"
      },
      {
        "MaterialCode": "R253833",
        "Quantity": 4.0000,
        "UnitPrice": 7770.0000,
        "RequestedDate": "2026-03-11",
        "Description": "SKU-CHOCOLATE TRENCITO 24GR DISPLAY 30 UN NESTLE (XD)",
        "Uom": "UN"
      },
      {
        "MaterialCode": "R273435",
        "Quantity": 3.0000,
        "UnitPrice": 22041.0000,
        "RequestedDate": "2026-03-11",
        "Description": "SKU-CHOCOLATE COSTA ROLLS CRISPY 130GR CAJA 15UN (XD)",
        "Uom": "UN"
      },
      {
        "MaterialCode": "R281485",
        "Quantity": 1.0000,
        "UnitPrice": 12240.0000,
        "RequestedDate": "2026-03-11",
        "Description": "SKU-GALLETA TRITON MCKAY VAINILLA 129GR CAJA 30UN (XD)",
        "Uom": "UN"
      },
      {
        "MaterialCode": "R287036",
        "Quantity": 3.0000,
        "UnitPrice": 25256.0000,
        "RequestedDate": "2026-03-11",
        "Description": "SKU-PAPAS FRITAS LAYS STAX CHEDDAR 172GR CAJA 14UN EVERCRISP (XD)",
        "Uom": "UN"
      },
      {
        "MaterialCode": "R287043",
        "Quantity": 4.0000,
        "UnitPrice": 25256.0000,
        "RequestedDate": "2026-03-11",
        "Description": "SKU-PAPAS FRITAS LAYS STAX ORIGINAL 172GR CAJA 14UN EVERCRISP (XD)",
        "Uom": "UN"
      },
      {
        "MaterialCode": "R290128",
        "Quantity": 1.0000,
        "UnitPrice": 71424.0000,
        "RequestedDate": "2026-03-11",
        "Description": "SKU-CHOCOLATE PRESTIGIO 35GR CAJA 192UN NESTLE (XD)",
        "Uom": "UN"
      },
      {
        "MaterialCode": "R302791",
        "Quantity": 1.0000,
        "UnitPrice": 21244.0000,
        "RequestedDate": "2026-03-11",
        "Description": "SKU-GALLETA COSTA GRETTEL YOGHURT FRUTILLA 85GR CAJA 24UN (XD)",
        "Uom": "UN"
      },
      {
        "MaterialCode": "R303602",
        "Quantity": 1.0000,
        "UnitPrice": 11326.0000,
        "RequestedDate": "2026-03-11",
        "Description": "SKU-GALLETON AVENA BERRIES ECOVIDA 40GR CAJA 24UN (XD)",
        "Uom": "UN"
      },
      {
        "MaterialCode": "R303607",
        "Quantity": 1.0000,
        "UnitPrice": 39969.0000,
        "RequestedDate": "2026-03-11",
        "Description": "SKU-GALLETAS EMPAREDADOS DE CIRUELA ECOVIDA 150GR CAJA 30UN (XD)",
        "Uom": "UN"
      },
      {
        "MaterialCode": "R303610",
        "Quantity": 2.0000,
        "UnitPrice": 39969.0000,
        "RequestedDate": "2026-03-11",
        "Description": "SKU-GALLETAS EMPAREDADOS DE HIGO S/AZUCAR ECOVIDA 150GR CAJA 30UN (XD)",
        "Uom": "UN"
      },
      {
        "MaterialCode": "R304879",
        "Quantity": 5.0000,
        "UnitPrice": 12542.0000,
        "RequestedDate": "2026-03-11",
        "Description": "SKU-CARAMELOS AMBROSOLI FULL LIMON 27GR CAJA 60UN (XD)",
        "Uom": "UN"
      },
      {
        "MaterialCode": "R305104",
        "Quantity": 7.0000,
        "UnitPrice": 16492.0000,
        "RequestedDate": "2026-03-11",
        "Description": "SKU-SUPLEMENTO PROTEIN SNACK TWENTYS LEMON CHEESECAKE 60GR DISPLAY 12UN (XD)",
        "Uom": "UN"
      },
      {
        "MaterialCode": "R305163",
        "Quantity": 5.0000,
        "UnitPrice": 45897.0000,
        "RequestedDate": "2026-03-11",
        "Description": "SKU-CHOCOLATE COSTA NUSS 250GR DISPLAY 15UN (XD)",
        "Uom": "UN"
      },
      {
        "MaterialCode": "R307011",
        "Quantity": 3.0000,
        "UnitPrice": 14697.0000,
        "RequestedDate": "2026-03-11",
        "Description": "SKU-SUPLEMENTO PROTEIN BARRA CHOCOLATE 45GR DISPLAY 16UN (XD)",
        "Uom": "UN"
      },
      {
        "MaterialCode": "R307020",
        "Quantity": 3.0000,
        "UnitPrice": 28062.0000,
        "RequestedDate": "2026-03-11",
        "Description": "SKU-GALLETA CHOCOLATE FRUTILLA SIN AZUCAR\u00A0225GR CAJA 20UN ECOVIDA (XD)",
        "Uom": "UN"
      },
      {
        "MaterialCode": "R307327",
        "Quantity": 1.0000,
        "UnitPrice": 16512.0000,
        "RequestedDate": "2026-03-11",
        "Description": "SKU-GALLETA COSTA COCO TUAREG 120GR CAJA 35UN (XD)",
        "Uom": "UN"
      },
      {
        "MaterialCode": "R308732",
        "Quantity": 18.0000,
        "UnitPrice": 19714.0000,
        "RequestedDate": "2026-03-11",
        "Description": "SKU-CHICLE ORBIT BUBBLEMINT S/AZUCAR 64GR DISPLAY 6UN (SS) (XD)",
        "Uom": "UN"
      },
      {
        "MaterialCode": "R308736",
        "Quantity": 1.0000,
        "UnitPrice": 23429.0000,
        "RequestedDate": "2026-03-11",
        "Description": "SKU-CHOCOLATE MILKA LECHE 55GR DISPLAY 21UN (XD)",
        "Uom": "UN"
      },
      {
        "MaterialCode": "R308739",
        "Quantity": 1.0000,
        "UnitPrice": 18378.0000,
        "RequestedDate": "2026-03-11",
        "Description": "SKU-JUGO NATURAL IND CITRIC NARANJA 500ML CAJA 12UN (XD)",
        "Uom": "UN"
      },
      {
        "MaterialCode": "R308971",
        "Quantity": 4.0000,
        "UnitPrice": 15172.0000,
        "RequestedDate": "2026-03-11",
        "Description": "SKU-JUGO BLESS MARACUYA/NARANJA/PINA/MANZANA/LIMON 300CC CAJA 12UN (SS) (XD)",
        "Uom": "UN"
      },
      {
        "MaterialCode": "R308973",
        "Quantity": 1.0000,
        "UnitPrice": 15172.0000,
        "RequestedDate": "2026-03-11",
        "Description": "SKU-JUGO BLESS PEPINO/ESPIRUL/MANZANA/PI\u00D1A/JENGIBRE/LIMON 300CC CAJA 12UN (XD)",
        "Uom": "UN"
      },
      {
        "MaterialCode": "R309051",
        "Quantity": 5.0000,
        "UnitPrice": 16622.0000,
        "RequestedDate": "2026-03-11",
        "Description": "SKU-CHEETOS PALITOS 110GR CAJA 15UN EVERSCRISP (XD)",
        "Uom": "UN"
      },
      {
        "MaterialCode": "R309067",
        "Quantity": 2.0000,
        "UnitPrice": 56184.0000,
        "RequestedDate": "2026-03-11",
        "Description": "SKU-CHOCOLATE ESTUCHE COSTA VIZZIO 120GR CAJA 34UN (XD)",
        "Uom": "UN"
      },
      {
        "MaterialCode": "R309093",
        "Quantity": 1.0000,
        "UnitPrice": 47070.0000,
        "RequestedDate": "2026-03-11",
        "Description": "SKU-GALLETA ARCOR BON O BON 95GR CAJA 36UN (XD)",
        "Uom": "UN"
      },
      {
        "MaterialCode": "R309097",
        "Quantity": 6.0000,
        "UnitPrice": 16578.0000,
        "RequestedDate": "2026-03-11",
        "Description": "SKU-CHEEZELS EVERCRISP 100GR CAJA 16UN (XD)",
        "Uom": "UN"
      },
      {
        "MaterialCode": "R309146",
        "Quantity": 1.0000,
        "UnitPrice": 31430.0000,
        "RequestedDate": "2026-03-11",
        "Description": "SKU-CHOCOLATE NESTLE TRENCITO 150GR CAJA 14UN (XD)",
        "Uom": "UN"
      },
      {
        "MaterialCode": "R309147",
        "Quantity": 2.0000,
        "UnitPrice": 49939.0000,
        "RequestedDate": "2026-03-11",
        "Description": "SKU-CHOCOLATE NESTLE KIT KAT 41,5GR CAJA 96UN (XD)",
        "Uom": "UN"
      },
      {
        "MaterialCode": "R309265",
        "Quantity": 1.0000,
        "UnitPrice": 15470.0000,
        "RequestedDate": "2026-03-11",
        "Description": "SKU-SNACK MIX TENTACION 50GR CAJA 20UN (XD)",
        "Uom": "UN"
      },
      {
        "MaterialCode": "R309432",
        "Quantity": 3.0000,
        "UnitPrice": 9093.0000,
        "RequestedDate": "2026-03-11",
        "Description": "SKU-CHIPS DE VEGETALES TIKA FURIOSAS 35GR CAJA 15UN (XD).",
        "Uom": "UN"
      },
      {
        "MaterialCode": "R309456",
        "Quantity": 3.0000,
        "UnitPrice": 18911.0000,
        "RequestedDate": "2026-03-11",
        "Description": "SKU-CHICLE ORBIT MENTA DISPLAY 30UN (XD).",
        "Uom": "UN"
      },
      {
        "MaterialCode": "R309457",
        "Quantity": 7.0000,
        "UnitPrice": 18911.0000,
        "RequestedDate": "2026-03-11",
        "Description": "SKU-CHICLE ORBIT EUCALIPTUS DISPLAY 30UN (XD).",
        "Uom": "UN"
      },
      {
        "MaterialCode": "R309458",
        "Quantity": 1.0000,
        "UnitPrice": 18911.0000,
        "RequestedDate": "2026-03-11",
        "Description": "SKU-CHICLE ORBIT HIERBABUENA DISPLAY 30UN (XD).",
        "Uom": "UN"
      },
      {
        "MaterialCode": "R309620",
        "Quantity": 5.0000,
        "UnitPrice": 19714.0000,
        "RequestedDate": "2026-03-11",
        "Description": "SKU-CHICLE ORBIT HIERBABUENA S/AZUCAR 64GR DISPLAY 6UN (SS) (XD)",
        "Uom": "UN"
      },
      {
        "MaterialCode": "R309661",
        "Quantity": 11.0000,
        "UnitPrice": 24387.0000,
        "RequestedDate": "2026-03-11",
        "Description": "SKU-RAMITAS SALADAS EVERCRISP 230GR CAJA 16UN (XD)",
        "Uom": "UN"
      },
      {
        "MaterialCode": "R309761",
        "Quantity": 3.0000,
        "UnitPrice": 33780.0000,
        "RequestedDate": "2026-03-11",
        "Description": "SKU-CHOCOLATE M\u0026M PEANUT 141,8GR CAJA 12UN (XD)",
        "Uom": "UN"
      },
      {
        "MaterialCode": "R309762",
        "Quantity": 2.0000,
        "UnitPrice": 5794.0000,
        "RequestedDate": "2026-03-11",
        "Description": "SKU-CHICLE BIGTIME MENTA 11GR DISPLAY 20UN (XD)",
        "Uom": "UN"
      },
      {
        "MaterialCode": "R309763",
        "Quantity": 11.0000,
        "UnitPrice": 6084.0000,
        "RequestedDate": "2026-03-11",
        "Description": "SKU-CHICLE BIGTIME STRONG 11GR DISPLAY 20UN (SS) (XD)",
        "Uom": "UN"
      },
      {
        "MaterialCode": "R309764",
        "Quantity": 4.0000,
        "UnitPrice": 6084.0000,
        "RequestedDate": "2026-03-11",
        "Description": "SKU-CHICLE BIGTIME SANDIA 11GR DISPLAY 20UN (SS) (XD)",
        "Uom": "UN"
      },
      {
        "MaterialCode": "R309765",
        "Quantity": 47.0000,
        "UnitPrice": 6084.0000,
        "RequestedDate": "2026-03-11",
        "Description": "SKU-CHICLE BIGTIME REFRESCANTE 11GR DISPLAY 20UN (SS) (XD)",
        "Uom": "UN"
      },
      {
        "MaterialCode": "R309876",
        "Quantity": 2.0000,
        "UnitPrice": 23730.0000,
        "RequestedDate": "2026-03-11",
        "Description": "SKU-ALFAJOR ARTESANAL CACAO NEGRO 55GR CAJA 30UN (XD)",
        "Uom": "UN"
      },
      {
        "MaterialCode": "R309913",
        "Quantity": 2.0000,
        "UnitPrice": 8342.0000,
        "RequestedDate": "2026-03-11",
        "Description": "SKU-CHICLE TRIDENT INFINITI PEPPERMINT S/AZUCAR 26,6GR DISPLAY 12UN (SS) (XD)",
        "Uom": "UN"
      },
      {
        "MaterialCode": "R309920",
        "Quantity": 2.0000,
        "UnitPrice": 9270.0000,
        "RequestedDate": "2026-03-11",
        "Description": "SKU-CHICLE TRIDENT INFINITI PEPPERMINT S/AZUCAR 26,6GR DISPLAY 12UN (SS) (XD).",
        "Uom": "UN"
      },
      {
        "MaterialCode": "R310215",
        "Quantity": 5.0000,
        "UnitPrice": 17753.0000,
        "RequestedDate": "2026-03-11",
        "Description": "SKU-PAPA FRITA LAYS T/AMERICANO 200GR CAJA 12UN",
        "Uom": "UN"
      },
      {
        "MaterialCode": "R310342",
        "Quantity": 2.0000,
        "UnitPrice": 12600.0000,
        "RequestedDate": "2026-03-11",
        "Description": "SKU-AGUA SABORIZADA UNIKO MANZANA S/GAS 310ML CAJA 12UN (SS) (XD)",
        "Uom": "UN"
      },
      {
        "MaterialCode": "R310345",
        "Quantity": 1.0000,
        "UnitPrice": 12600.0000,
        "RequestedDate": "2026-03-11",
        "Description": "SKU-AGUA SABORIZADA UNIKO CRANBERRY C/GAS 310ML CAJA 12UN (SS) (XD)",
        "Uom": "UN"
      },
      {
        "MaterialCode": "R310393",
        "Quantity": 12.0000,
        "UnitPrice": 10756.0000,
        "RequestedDate": "2026-03-11",
        "Description": "SKU-SNACK MANI JAPONES 100G CAJA 16UN (XD)",
        "Uom": "UN"
      },
      {
        "MaterialCode": "R310394",
        "Quantity": 1.0000,
        "UnitPrice": 14928.0000,
        "RequestedDate": "2026-03-11",
        "Description": "SKU-PAPAS FRITAS CASERAS IND 42GR CAJA 54UN MARCO POLO (XD)",
        "Uom": "UN"
      },
      {
        "MaterialCode": "R310430",
        "Quantity": 4.0000,
        "UnitPrice": 17584.0000,
        "RequestedDate": "2026-03-11",
        "Description": "SKU-GALLETA CRIOLLITA 80GR CAJA 28UN MCKAY (XD)",
        "Uom": "UN"
      },
      {
        "MaterialCode": "R310436",
        "Quantity": 5.0000,
        "UnitPrice": 21860.0000,
        "RequestedDate": "2026-03-11",
        "Description": "SKU-SNACK TIKA NATURAL CHIPS-CEBOLLITA DULCE 150GR CAJA 15UN (XD)",
        "Uom": "UN"
      },
      {
        "MaterialCode": "R310438",
        "Quantity": 3.0000,
        "UnitPrice": 35948.0000,
        "RequestedDate": "2026-03-11",
        "Description": "SKU-SNACK TIKA NATURAL CHIPS-FURIOSA ESTANDAR 100GR CAJA 22UN (XD)",
        "Uom": "UN"
      },
      {
        "MaterialCode": "R310456",
        "Quantity": 1.0000,
        "UnitPrice": 21888.0000,
        "RequestedDate": "2026-03-11",
        "Description": "SKU-CHOCOLATE M\u0026M MANTEQUILLA MANI 127GR CAJA 8UN (XD).",
        "Uom": "UN"
      },
      {
        "MaterialCode": "R310457",
        "Quantity": 1.0000,
        "UnitPrice": 21633.0000,
        "RequestedDate": "2026-03-11",
        "Description": "SKU-GALLETA OREO VAINILLA 108GR CAJA 30UN (XD).",
        "Uom": "UN"
      },
      {
        "MaterialCode": "R310471",
        "Quantity": 4.0000,
        "UnitPrice": 29349.0000,
        "RequestedDate": "2026-03-11",
        "Description": "SKU-GALLETAS BISCUIT CHIP CHOCOLATE S/AZUCAR 145GR CAJA 24UN (XD)",
        "Uom": "UN"
      },
      {
        "MaterialCode": "R310551",
        "Quantity": 1.0000,
        "UnitPrice": 20004.0000,
        "RequestedDate": "2026-03-11",
        "Description": "SKU-CARAMELO FLOPI CEREZA S/AZUCAR 40GR DISPLAY 12UN (XD)",
        "Uom": "UN"
      },
      {
        "MaterialCode": "R310552",
        "Quantity": 1.0000,
        "UnitPrice": 20004.0000,
        "RequestedDate": "2026-03-11",
        "Description": "SKU-CARAMELO FLOPI MULTIFRUTA S/AZUCAR 40GR DISPLAY 12UN (XD)",
        "Uom": "UN"
      },
      {
        "MaterialCode": "R310560",
        "Quantity": 2.0000,
        "UnitPrice": 15600.0000,
        "RequestedDate": "2026-03-11",
        "Description": "SKU-BEBIDA GINGER BLESS MARACUYA LATA 310ML DISPLAY 12UN (XD)",
        "Uom": "UN"
      },
      {
        "MaterialCode": "R310644",
        "Quantity": 1.0000,
        "UnitPrice": 24342.0000,
        "RequestedDate": "2026-03-11",
        "Description": "SKU-CHOCOLATE MILKY WAY SINGLE 48GR DISPLAY 24UN (XD)",
        "Uom": "UN"
      },
      {
        "MaterialCode": "R310815",
        "Quantity": 3.0000,
        "UnitPrice": 70000.0000,
        "RequestedDate": "2026-03-11",
        "Description": "SKU-SNACK MIX EXTRA NUTS SALADO TNOGAL 125G CAJA 40UN (XD)",
        "Uom": "UN"
      },
      {
        "MaterialCode": "R310842",
        "Quantity": 2.0000,
        "UnitPrice": 34003.0000,
        "RequestedDate": "2026-03-11",
        "Description": "SKU-CHOCOLATE COSTA RAMA BLANCO 115GR CAJA 16UN (XD)",
        "Uom": "UN"
      },
      {
        "MaterialCode": "R310843",
        "Quantity": 1.0000,
        "UnitPrice": 24083.0000,
        "RequestedDate": "2026-03-11",
        "Description": "SKU-GOMITAS AMBROSOLI LOOP 90G DISPLAY 30UN (XD)",
        "Uom": "UN"
      },
      {
        "MaterialCode": "R310845",
        "Quantity": 2.0000,
        "UnitPrice": 39748.0000,
        "RequestedDate": "2026-03-11",
        "Description": "SKU-CHOCOLATE ESTUCHE COSTA VIZZIO XL 360GR CAJA 8UN (XD)",
        "Uom": "UN"
      },
      {
        "MaterialCode": "R311125",
        "Quantity": 3.0000,
        "UnitPrice": 22397.0000,
        "RequestedDate": "2026-03-11",
        "Description": "SKU-SNACK  SIN GLUTEN TOMATE ALBAHACA 100GR UN (XD)",
        "Uom": "UN"
      },
      {
        "MaterialCode": "R311172",
        "Quantity": 1.0000,
        "UnitPrice": 5751.0000,
        "RequestedDate": "2026-03-11",
        "Description": "SKU-CHOCOLATE ARCOR ROCKLETS 30GR DISPLAY 18UN (XD)",
        "Uom": "UN"
      },
      {
        "MaterialCode": "R311417",
        "Quantity": 2.0000,
        "UnitPrice": 18378.0000,
        "RequestedDate": "2026-03-11",
        "Description": "SKU-JUGO IND CITRIC NARANJA MANGO 500ML CAJA 12UN (XD)",
        "Uom": "UN"
      },
      {
        "MaterialCode": "R311418",
        "Quantity": 2.0000,
        "UnitPrice": 14100.0000,
        "RequestedDate": "2026-03-11",
        "Description": "SKU-JUGO IND CITRIC LIMONADA MENTA 500ML CAJA 12UN (XD)",
        "Uom": "UN"
      },
      {
        "MaterialCode": "R311708",
        "Quantity": 10.0000,
        "UnitPrice": 22894.0000,
        "RequestedDate": "2026-03-11",
        "Description": "SKU-SNACK DETODITO 275GR CAJA 11UN EVERSCRISP (XD)",
        "Uom": "UN"
      },
      {
        "MaterialCode": "R311709",
        "Quantity": 1.0000,
        "UnitPrice": 25971.0000,
        "RequestedDate": "2026-03-11",
        "Description": "SKU-PAPA FRITA LAYS T/AMERICANO 330GR CAJA 9UN (XD)",
        "Uom": "UN"
      },
      {
        "MaterialCode": "R312295",
        "Quantity": 2.0000,
        "UnitPrice": 48040.0000,
        "RequestedDate": "2026-03-11",
        "Description": "SKU-CHEETOS PALITO EVERCRISP 64GR CAJA 66UN (XD)",
        "Uom": "UN"
      },
      {
        "MaterialCode": "R312297",
        "Quantity": 2.0000,
        "UnitPrice": 15285.3800,
        "RequestedDate": "2026-03-11",
        "Description": "SKU-SNACK DETODITO QUESO 64GR CAJA 21UN EVERSCRISP (XD)",
        "Uom": "UN"
      }
    ]
  }
}
Response Status: 400 Bad Request
Response Headers:
  Transfer-Encoding: chunked
  Server: Microsoft-IIS/10.0
  X-Powered-By: ASP.NET
  Date: Thu, 19 Mar 2026 22:37:47 GMT
Response Content Headers:
  Content-Type: application/problem+json; charset=utf-8
Response Body: {"type":"https://tools.ietf.org/html/rfc7231#section-6.5.1","title":"Bad Request","status":400,"traceId":"00-1d3a3ec6df2d36699d9820308d49699e-a36d3893b7e3a128-00"}
-----
Timestamp: 2026-03-19T22:42:25.8393312Z
CorrelationId: 3a0524a3-72ef-48e7-9b07-2f701f476e98
Request URL: https://qa.keylogistics.cl/CRMAPI-QA/api/Integracion
Request Headers:
  APIKEY: [REDACTED]
  X-Correlation-ID: 3a0524a3-72ef-48e7-9b07-2f701f476e98
Payload: {
  "Modulo": "68073e0e748c6a204f601daa70f63f7c",
  "parametros": {
    "orderNumber": "10835010",
    "supplierCode": "76024",
    "orderDate": "2026-03-03",
    "deliveryDate": "2026-03-11",
    "paymentCondition": "D",
    "deliveryLocationCode": "30004",
    "invoiceLocationCode": "30004",
    "billingLocationCode": "30004",
    "notes": "31755//12-3-2026//BOD.CAMPAMENTO VCA-ESC",
    "items": [
      {
        "materialCode": "R044305",
        "quantity": 3.0000,
        "unitPrice": 41214.0000,
        "requestedDate": "2026-03-11",
        "description": "SKU-CARAMELOS MASTICABLES STARBURST FRUIT 59GR CAJA 36UN (XD)",
        "uom": "UN"
      },
      {
        "materialCode": "R046525",
        "quantity": 2.0000,
        "unitPrice": 21244.0000,
        "requestedDate": "2026-03-11",
        "description": "SKU-GALLETA COSTA GRETTELL CHOCOLATE 85GR CAJA 24UN (XD)",
        "uom": "UN"
      },
      {
        "materialCode": "R091695",
        "quantity": 4.0000,
        "unitPrice": 6904.0000,
        "requestedDate": "2026-03-11",
        "description": "SKU-GALLETA DE SODA COSTA 54GR CAJA 27UN (XD)",
        "uom": "UN"
      },
      {
        "materialCode": "R095026",
        "quantity": 2.0000,
        "unitPrice": 8617.0000,
        "requestedDate": "2026-03-11",
        "description": "SKU-TURRON ARCOR MANI 45GR CAJA 28UN (XD)",
        "uom": "UN"
      },
      {
        "materialCode": "R101127",
        "quantity": 3.0000,
        "unitPrice": 5215.0000,
        "requestedDate": "2026-03-11",
        "description": "SKU-BOMBON COSTA VIZZIO 432GR DISPLAY 45UN (XD)",
        "uom": "UN"
      },
      {
        "materialCode": "R251259",
        "quantity": 1.0000,
        "unitPrice": 48686.0000,
        "requestedDate": "2026-03-11",
        "description": "SKU-M\u0026M PEANUT SINGLES 48GR DISPLAY 48UN (XD)",
        "uom": "UN"
      },
      {
        "materialCode": "R251266",
        "quantity": 1.0000,
        "unitPrice": 36525.0000,
        "requestedDate": "2026-03-11",
        "description": "SKU-M\u0026M PLAIN SINGLES 48GR DISPLAY 36UN (XD)",
        "uom": "UN"
      },
      {
        "materialCode": "R251334",
        "quantity": 3.0000,
        "unitPrice": 36515.0000,
        "requestedDate": "2026-03-11",
        "description": "SKU-TWIX SINGLE 57GR DISPLAY 36UN (XD)",
        "uom": "UN"
      },
      {
        "materialCode": "R251341",
        "quantity": 6.0000,
        "unitPrice": 48686.0000,
        "requestedDate": "2026-03-11",
        "description": "SKU-CHOCOLATE SNICKERS SINGLE 53GR DISPLAY 48UN (XD)",
        "uom": "UN"
      },
      {
        "materialCode": "R253833",
        "quantity": 4.0000,
        "unitPrice": 7770.0000,
        "requestedDate": "2026-03-11",
        "description": "SKU-CHOCOLATE TRENCITO 24GR DISPLAY 30 UN NESTLE (XD)",
        "uom": "UN"
      },
      {
        "materialCode": "R273435",
        "quantity": 3.0000,
        "unitPrice": 22041.0000,
        "requestedDate": "2026-03-11",
        "description": "SKU-CHOCOLATE COSTA ROLLS CRISPY 130GR CAJA 15UN (XD)",
        "uom": "UN"
      },
      {
        "materialCode": "R281485",
        "quantity": 1.0000,
        "unitPrice": 12240.0000,
        "requestedDate": "2026-03-11",
        "description": "SKU-GALLETA TRITON MCKAY VAINILLA 129GR CAJA 30UN (XD)",
        "uom": "UN"
      },
      {
        "materialCode": "R287036",
        "quantity": 3.0000,
        "unitPrice": 25256.0000,
        "requestedDate": "2026-03-11",
        "description": "SKU-PAPAS FRITAS LAYS STAX CHEDDAR 172GR CAJA 14UN EVERCRISP (XD)",
        "uom": "UN"
      },
      {
        "materialCode": "R287043",
        "quantity": 4.0000,
        "unitPrice": 25256.0000,
        "requestedDate": "2026-03-11",
        "description": "SKU-PAPAS FRITAS LAYS STAX ORIGINAL 172GR CAJA 14UN EVERCRISP (XD)",
        "uom": "UN"
      },
      {
        "materialCode": "R290128",
        "quantity": 1.0000,
        "unitPrice": 71424.0000,
        "requestedDate": "2026-03-11",
        "description": "SKU-CHOCOLATE PRESTIGIO 35GR CAJA 192UN NESTLE (XD)",
        "uom": "UN"
      },
      {
        "materialCode": "R302791",
        "quantity": 1.0000,
        "unitPrice": 21244.0000,
        "requestedDate": "2026-03-11",
        "description": "SKU-GALLETA COSTA GRETTEL YOGHURT FRUTILLA 85GR CAJA 24UN (XD)",
        "uom": "UN"
      },
      {
        "materialCode": "R303602",
        "quantity": 1.0000,
        "unitPrice": 11326.0000,
        "requestedDate": "2026-03-11",
        "description": "SKU-GALLETON AVENA BERRIES ECOVIDA 40GR CAJA 24UN (XD)",
        "uom": "UN"
      },
      {
        "materialCode": "R303607",
        "quantity": 1.0000,
        "unitPrice": 39969.0000,
        "requestedDate": "2026-03-11",
        "description": "SKU-GALLETAS EMPAREDADOS DE CIRUELA ECOVIDA 150GR CAJA 30UN (XD)",
        "uom": "UN"
      },
      {
        "materialCode": "R303610",
        "quantity": 2.0000,
        "unitPrice": 39969.0000,
        "requestedDate": "2026-03-11",
        "description": "SKU-GALLETAS EMPAREDADOS DE HIGO S/AZUCAR ECOVIDA 150GR CAJA 30UN (XD)",
        "uom": "UN"
      },
      {
        "materialCode": "R304879",
        "quantity": 5.0000,
        "unitPrice": 12542.0000,
        "requestedDate": "2026-03-11",
        "description": "SKU-CARAMELOS AMBROSOLI FULL LIMON 27GR CAJA 60UN (XD)",
        "uom": "UN"
      },
      {
        "materialCode": "R305104",
        "quantity": 7.0000,
        "unitPrice": 16492.0000,
        "requestedDate": "2026-03-11",
        "description": "SKU-SUPLEMENTO PROTEIN SNACK TWENTYS LEMON CHEESECAKE 60GR DISPLAY 12UN (XD)",
        "uom": "UN"
      },
      {
        "materialCode": "R305163",
        "quantity": 5.0000,
        "unitPrice": 45897.0000,
        "requestedDate": "2026-03-11",
        "description": "SKU-CHOCOLATE COSTA NUSS 250GR DISPLAY 15UN (XD)",
        "uom": "UN"
      },
      {
        "materialCode": "R307011",
        "quantity": 3.0000,
        "unitPrice": 14697.0000,
        "requestedDate": "2026-03-11",
        "description": "SKU-SUPLEMENTO PROTEIN BARRA CHOCOLATE 45GR DISPLAY 16UN (XD)",
        "uom": "UN"
      },
      {
        "materialCode": "R307020",
        "quantity": 3.0000,
        "unitPrice": 28062.0000,
        "requestedDate": "2026-03-11",
        "description": "SKU-GALLETA CHOCOLATE FRUTILLA SIN AZUCAR\u00A0225GR CAJA 20UN ECOVIDA (XD)",
        "uom": "UN"
      },
      {
        "materialCode": "R307327",
        "quantity": 1.0000,
        "unitPrice": 16512.0000,
        "requestedDate": "2026-03-11",
        "description": "SKU-GALLETA COSTA COCO TUAREG 120GR CAJA 35UN (XD)",
        "uom": "UN"
      },
      {
        "materialCode": "R308732",
        "quantity": 18.0000,
        "unitPrice": 19714.0000,
        "requestedDate": "2026-03-11",
        "description": "SKU-CHICLE ORBIT BUBBLEMINT S/AZUCAR 64GR DISPLAY 6UN (SS) (XD)",
        "uom": "UN"
      },
      {
        "materialCode": "R308736",
        "quantity": 1.0000,
        "unitPrice": 23429.0000,
        "requestedDate": "2026-03-11",
        "description": "SKU-CHOCOLATE MILKA LECHE 55GR DISPLAY 21UN (XD)",
        "uom": "UN"
      },
      {
        "materialCode": "R308739",
        "quantity": 1.0000,
        "unitPrice": 18378.0000,
        "requestedDate": "2026-03-11",
        "description": "SKU-JUGO NATURAL IND CITRIC NARANJA 500ML CAJA 12UN (XD)",
        "uom": "UN"
      },
      {
        "materialCode": "R308971",
        "quantity": 4.0000,
        "unitPrice": 15172.0000,
        "requestedDate": "2026-03-11",
        "description": "SKU-JUGO BLESS MARACUYA/NARANJA/PINA/MANZANA/LIMON 300CC CAJA 12UN (SS) (XD)",
        "uom": "UN"
      },
      {
        "materialCode": "R308973",
        "quantity": 1.0000,
        "unitPrice": 15172.0000,
        "requestedDate": "2026-03-11",
        "description": "SKU-JUGO BLESS PEPINO/ESPIRUL/MANZANA/PI\u00D1A/JENGIBRE/LIMON 300CC CAJA 12UN (XD)",
        "uom": "UN"
      },
      {
        "materialCode": "R309051",
        "quantity": 5.0000,
        "unitPrice": 16622.0000,
        "requestedDate": "2026-03-11",
        "description": "SKU-CHEETOS PALITOS 110GR CAJA 15UN EVERSCRISP (XD)",
        "uom": "UN"
      },
      {
        "materialCode": "R309067",
        "quantity": 2.0000,
        "unitPrice": 56184.0000,
        "requestedDate": "2026-03-11",
        "description": "SKU-CHOCOLATE ESTUCHE COSTA VIZZIO 120GR CAJA 34UN (XD)",
        "uom": "UN"
      },
      {
        "materialCode": "R309093",
        "quantity": 1.0000,
        "unitPrice": 47070.0000,
        "requestedDate": "2026-03-11",
        "description": "SKU-GALLETA ARCOR BON O BON 95GR CAJA 36UN (XD)",
        "uom": "UN"
      },
      {
        "materialCode": "R309097",
        "quantity": 6.0000,
        "unitPrice": 16578.0000,
        "requestedDate": "2026-03-11",
        "description": "SKU-CHEEZELS EVERCRISP 100GR CAJA 16UN (XD)",
        "uom": "UN"
      },
      {
        "materialCode": "R309146",
        "quantity": 1.0000,
        "unitPrice": 31430.0000,
        "requestedDate": "2026-03-11",
        "description": "SKU-CHOCOLATE NESTLE TRENCITO 150GR CAJA 14UN (XD)",
        "uom": "UN"
      },
      {
        "materialCode": "R309147",
        "quantity": 2.0000,
        "unitPrice": 49939.0000,
        "requestedDate": "2026-03-11",
        "description": "SKU-CHOCOLATE NESTLE KIT KAT 41,5GR CAJA 96UN (XD)",
        "uom": "UN"
      },
      {
        "materialCode": "R309265",
        "quantity": 1.0000,
        "unitPrice": 15470.0000,
        "requestedDate": "2026-03-11",
        "description": "SKU-SNACK MIX TENTACION 50GR CAJA 20UN (XD)",
        "uom": "UN"
      },
      {
        "materialCode": "R309432",
        "quantity": 3.0000,
        "unitPrice": 9093.0000,
        "requestedDate": "2026-03-11",
        "description": "SKU-CHIPS DE VEGETALES TIKA FURIOSAS 35GR CAJA 15UN (XD).",
        "uom": "UN"
      },
      {
        "materialCode": "R309456",
        "quantity": 3.0000,
        "unitPrice": 18911.0000,
        "requestedDate": "2026-03-11",
        "description": "SKU-CHICLE ORBIT MENTA DISPLAY 30UN (XD).",
        "uom": "UN"
      },
      {
        "materialCode": "R309457",
        "quantity": 7.0000,
        "unitPrice": 18911.0000,
        "requestedDate": "2026-03-11",
        "description": "SKU-CHICLE ORBIT EUCALIPTUS DISPLAY 30UN (XD).",
        "uom": "UN"
      },
      {
        "materialCode": "R309458",
        "quantity": 1.0000,
        "unitPrice": 18911.0000,
        "requestedDate": "2026-03-11",
        "description": "SKU-CHICLE ORBIT HIERBABUENA DISPLAY 30UN (XD).",
        "uom": "UN"
      },
      {
        "materialCode": "R309620",
        "quantity": 5.0000,
        "unitPrice": 19714.0000,
        "requestedDate": "2026-03-11",
        "description": "SKU-CHICLE ORBIT HIERBABUENA S/AZUCAR 64GR DISPLAY 6UN (SS) (XD)",
        "uom": "UN"
      },
      {
        "materialCode": "R309661",
        "quantity": 11.0000,
        "unitPrice": 24387.0000,
        "requestedDate": "2026-03-11",
        "description": "SKU-RAMITAS SALADAS EVERCRISP 230GR CAJA 16UN (XD)",
        "uom": "UN"
      },
      {
        "materialCode": "R309761",
        "quantity": 3.0000,
        "unitPrice": 33780.0000,
        "requestedDate": "2026-03-11",
        "description": "SKU-CHOCOLATE M\u0026M PEANUT 141,8GR CAJA 12UN (XD)",
        "uom": "UN"
      },
      {
        "materialCode": "R309762",
        "quantity": 2.0000,
        "unitPrice": 5794.0000,
        "requestedDate": "2026-03-11",
        "description": "SKU-CHICLE BIGTIME MENTA 11GR DISPLAY 20UN (XD)",
        "uom": "UN"
      },
      {
        "materialCode": "R309763",
        "quantity": 11.0000,
        "unitPrice": 6084.0000,
        "requestedDate": "2026-03-11",
        "description": "SKU-CHICLE BIGTIME STRONG 11GR DISPLAY 20UN (SS) (XD)",
        "uom": "UN"
      },
      {
        "materialCode": "R309764",
        "quantity": 4.0000,
        "unitPrice": 6084.0000,
        "requestedDate": "2026-03-11",
        "description": "SKU-CHICLE BIGTIME SANDIA 11GR DISPLAY 20UN (SS) (XD)",
        "uom": "UN"
      },
      {
        "materialCode": "R309765",
        "quantity": 47.0000,
        "unitPrice": 6084.0000,
        "requestedDate": "2026-03-11",
        "description": "SKU-CHICLE BIGTIME REFRESCANTE 11GR DISPLAY 20UN (SS) (XD)",
        "uom": "UN"
      },
      {
        "materialCode": "R309876",
        "quantity": 2.0000,
        "unitPrice": 23730.0000,
        "requestedDate": "2026-03-11",
        "description": "SKU-ALFAJOR ARTESANAL CACAO NEGRO 55GR CAJA 30UN (XD)",
        "uom": "UN"
      },
      {
        "materialCode": "R309913",
        "quantity": 2.0000,
        "unitPrice": 8342.0000,
        "requestedDate": "2026-03-11",
        "description": "SKU-CHICLE TRIDENT INFINITI PEPPERMINT S/AZUCAR 26,6GR DISPLAY 12UN (SS) (XD)",
        "uom": "UN"
      },
      {
        "materialCode": "R309920",
        "quantity": 2.0000,
        "unitPrice": 9270.0000,
        "requestedDate": "2026-03-11",
        "description": "SKU-CHICLE TRIDENT INFINITI PEPPERMINT S/AZUCAR 26,6GR DISPLAY 12UN (SS) (XD).",
        "uom": "UN"
      },
      {
        "materialCode": "R310215",
        "quantity": 5.0000,
        "unitPrice": 17753.0000,
        "requestedDate": "2026-03-11",
        "description": "SKU-PAPA FRITA LAYS T/AMERICANO 200GR CAJA 12UN",
        "uom": "UN"
      },
      {
        "materialCode": "R310342",
        "quantity": 2.0000,
        "unitPrice": 12600.0000,
        "requestedDate": "2026-03-11",
        "description": "SKU-AGUA SABORIZADA UNIKO MANZANA S/GAS 310ML CAJA 12UN (SS) (XD)",
        "uom": "UN"
      },
      {
        "materialCode": "R310345",
        "quantity": 1.0000,
        "unitPrice": 12600.0000,
        "requestedDate": "2026-03-11",
        "description": "SKU-AGUA SABORIZADA UNIKO CRANBERRY C/GAS 310ML CAJA 12UN (SS) (XD)",
        "uom": "UN"
      },
      {
        "materialCode": "R310393",
        "quantity": 12.0000,
        "unitPrice": 10756.0000,
        "requestedDate": "2026-03-11",
        "description": "SKU-SNACK MANI JAPONES 100G CAJA 16UN (XD)",
        "uom": "UN"
      },
      {
        "materialCode": "R310394",
        "quantity": 1.0000,
        "unitPrice": 14928.0000,
        "requestedDate": "2026-03-11",
        "description": "SKU-PAPAS FRITAS CASERAS IND 42GR CAJA 54UN MARCO POLO (XD)",
        "uom": "UN"
      },
      {
        "materialCode": "R310430",
        "quantity": 4.0000,
        "unitPrice": 17584.0000,
        "requestedDate": "2026-03-11",
        "description": "SKU-GALLETA CRIOLLITA 80GR CAJA 28UN MCKAY (XD)",
        "uom": "UN"
      },
      {
        "materialCode": "R310436",
        "quantity": 5.0000,
        "unitPrice": 21860.0000,
        "requestedDate": "2026-03-11",
        "description": "SKU-SNACK TIKA NATURAL CHIPS-CEBOLLITA DULCE 150GR CAJA 15UN (XD)",
        "uom": "UN"
      },
      {
        "materialCode": "R310438",
        "quantity": 3.0000,
        "unitPrice": 35948.0000,
        "requestedDate": "2026-03-11",
        "description": "SKU-SNACK TIKA NATURAL CHIPS-FURIOSA ESTANDAR 100GR CAJA 22UN (XD)",
        "uom": "UN"
      },
      {
        "materialCode": "R310456",
        "quantity": 1.0000,
        "unitPrice": 21888.0000,
        "requestedDate": "2026-03-11",
        "description": "SKU-CHOCOLATE M\u0026M MANTEQUILLA MANI 127GR CAJA 8UN (XD).",
        "uom": "UN"
      },
      {
        "materialCode": "R310457",
        "quantity": 1.0000,
        "unitPrice": 21633.0000,
        "requestedDate": "2026-03-11",
        "description": "SKU-GALLETA OREO VAINILLA 108GR CAJA 30UN (XD).",
        "uom": "UN"
      },
      {
        "materialCode": "R310471",
        "quantity": 4.0000,
        "unitPrice": 29349.0000,
        "requestedDate": "2026-03-11",
        "description": "SKU-GALLETAS BISCUIT CHIP CHOCOLATE S/AZUCAR 145GR CAJA 24UN (XD)",
        "uom": "UN"
      },
      {
        "materialCode": "R310551",
        "quantity": 1.0000,
        "unitPrice": 20004.0000,
        "requestedDate": "2026-03-11",
        "description": "SKU-CARAMELO FLOPI CEREZA S/AZUCAR 40GR DISPLAY 12UN (XD)",
        "uom": "UN"
      },
      {
        "materialCode": "R310552",
        "quantity": 1.0000,
        "unitPrice": 20004.0000,
        "requestedDate": "2026-03-11",
        "description": "SKU-CARAMELO FLOPI MULTIFRUTA S/AZUCAR 40GR DISPLAY 12UN (XD)",
        "uom": "UN"
      },
      {
        "materialCode": "R310560",
        "quantity": 2.0000,
        "unitPrice": 15600.0000,
        "requestedDate": "2026-03-11",
        "description": "SKU-BEBIDA GINGER BLESS MARACUYA LATA 310ML DISPLAY 12UN (XD)",
        "uom": "UN"
      },
      {
        "materialCode": "R310644",
        "quantity": 1.0000,
        "unitPrice": 24342.0000,
        "requestedDate": "2026-03-11",
        "description": "SKU-CHOCOLATE MILKY WAY SINGLE 48GR DISPLAY 24UN (XD)",
        "uom": "UN"
      },
      {
        "materialCode": "R310815",
        "quantity": 3.0000,
        "unitPrice": 70000.0000,
        "requestedDate": "2026-03-11",
        "description": "SKU-SNACK MIX EXTRA NUTS SALADO TNOGAL 125G CAJA 40UN (XD)",
        "uom": "UN"
      },
      {
        "materialCode": "R310842",
        "quantity": 2.0000,
        "unitPrice": 34003.0000,
        "requestedDate": "2026-03-11",
        "description": "SKU-CHOCOLATE COSTA RAMA BLANCO 115GR CAJA 16UN (XD)",
        "uom": "UN"
      },
      {
        "materialCode": "R310843",
        "quantity": 1.0000,
        "unitPrice": 24083.0000,
        "requestedDate": "2026-03-11",
        "description": "SKU-GOMITAS AMBROSOLI LOOP 90G DISPLAY 30UN (XD)",
        "uom": "UN"
      },
      {
        "materialCode": "R310845",
        "quantity": 2.0000,
        "unitPrice": 39748.0000,
        "requestedDate": "2026-03-11",
        "description": "SKU-CHOCOLATE ESTUCHE COSTA VIZZIO XL 360GR CAJA 8UN (XD)",
        "uom": "UN"
      },
      {
        "materialCode": "R311125",
        "quantity": 3.0000,
        "unitPrice": 22397.0000,
        "requestedDate": "2026-03-11",
        "description": "SKU-SNACK  SIN GLUTEN TOMATE ALBAHACA 100GR UN (XD)",
        "uom": "UN"
      },
      {
        "materialCode": "R311172",
        "quantity": 1.0000,
        "unitPrice": 5751.0000,
        "requestedDate": "2026-03-11",
        "description": "SKU-CHOCOLATE ARCOR ROCKLETS 30GR DISPLAY 18UN (XD)",
        "uom": "UN"
      },
      {
        "materialCode": "R311417",
        "quantity": 2.0000,
        "unitPrice": 18378.0000,
        "requestedDate": "2026-03-11",
        "description": "SKU-JUGO IND CITRIC NARANJA MANGO 500ML CAJA 12UN (XD)",
        "uom": "UN"
      },
      {
        "materialCode": "R311418",
        "quantity": 2.0000,
        "unitPrice": 14100.0000,
        "requestedDate": "2026-03-11",
        "description": "SKU-JUGO IND CITRIC LIMONADA MENTA 500ML CAJA 12UN (XD)",
        "uom": "UN"
      },
      {
        "materialCode": "R311708",
        "quantity": 10.0000,
        "unitPrice": 22894.0000,
        "requestedDate": "2026-03-11",
        "description": "SKU-SNACK DETODITO 275GR CAJA 11UN EVERSCRISP (XD)",
        "uom": "UN"
      },
      {
        "materialCode": "R311709",
        "quantity": 1.0000,
        "unitPrice": 25971.0000,
        "requestedDate": "2026-03-11",
        "description": "SKU-PAPA FRITA LAYS T/AMERICANO 330GR CAJA 9UN (XD)",
        "uom": "UN"
      },
      {
        "materialCode": "R312295",
        "quantity": 2.0000,
        "unitPrice": 48040.0000,
        "requestedDate": "2026-03-11",
        "description": "SKU-CHEETOS PALITO EVERCRISP 64GR CAJA 66UN (XD)",
        "uom": "UN"
      },
      {
        "materialCode": "R312297",
        "quantity": 2.0000,
        "unitPrice": 15285.3800,
        "requestedDate": "2026-03-11",
        "description": "SKU-SNACK DETODITO QUESO 64GR CAJA 21UN EVERSCRISP (XD)",
        "uom": "UN"
      }
    ]
  }
}
Response Status: 400 Bad Request
Response Headers:
  Transfer-Encoding: chunked
  Server: Microsoft-IIS/10.0
  X-Powered-By: ASP.NET
  Date: Thu, 19 Mar 2026 22:44:32 GMT
Response Content Headers:
  Content-Type: application/problem+json; charset=utf-8
Response Body: {"type":"https://tools.ietf.org/html/rfc7231#section-6.5.1","title":"Bad Request","status":400,"traceId":"00-fa25ace0cca681c7af0842d839ace902-066a429ac5549ca2-00"}
-----
Timestamp: 2026-03-19T23:28:16.9133305Z
CorrelationId: cadb1d6d-65c8-46a9-9db1-65367cb636b6
Request URL: https://qa.keylogistics.cl/CRMAPI-QA/api/Integracion
Request Headers:
  APIKEY: [REDACTED]
  X-Correlation-ID: cadb1d6d-65c8-46a9-9db1-65367cb636b6
Payload: {
  "Modulo": "68073e0e748c6a204f601daa70f63f7c",
  "parametros": {
    "orderNumber": "10835010",
    "supplierCode": "76024",
    "orderDate": "2026-03-03",
    "deliveryDate": "2026-03-11",
    "paymentCondition": "D",
    "deliveryLocationCode": "30004",
    "invoiceLocationCode": "30004",
    "billingLocationCode": "30004",
    "notes": "31755//12-3-2026//BOD.CAMPAMENTO VCA-ESC",
    "items": [
      {
        "materialCode": "R044305",
        "quantity": 3.0000,
        "unitPrice": 41214.0000,
        "requestedDate": "2026-03-11",
        "description": "SKU-CARAMELOS MASTICABLES STARBURST FRUIT 59GR CAJA 36UN (XD)",
        "uom": "UN"
      },
      {
        "materialCode": "R046525",
        "quantity": 2.0000,
        "unitPrice": 21244.0000,
        "requestedDate": "2026-03-11",
        "description": "SKU-GALLETA COSTA GRETTELL CHOCOLATE 85GR CAJA 24UN (XD)",
        "uom": "UN"
      },
      {
        "materialCode": "R091695",
        "quantity": 4.0000,
        "unitPrice": 6904.0000,
        "requestedDate": "2026-03-11",
        "description": "SKU-GALLETA DE SODA COSTA 54GR CAJA 27UN (XD)",
        "uom": "UN"
      },
      {
        "materialCode": "R095026",
        "quantity": 2.0000,
        "unitPrice": 8617.0000,
        "requestedDate": "2026-03-11",
        "description": "SKU-TURRON ARCOR MANI 45GR CAJA 28UN (XD)",
        "uom": "UN"
      },
      {
        "materialCode": "R101127",
        "quantity": 3.0000,
        "unitPrice": 5215.0000,
        "requestedDate": "2026-03-11",
        "description": "SKU-BOMBON COSTA VIZZIO 432GR DISPLAY 45UN (XD)",
        "uom": "UN"
      },
      {
        "materialCode": "R251259",
        "quantity": 1.0000,
        "unitPrice": 48686.0000,
        "requestedDate": "2026-03-11",
        "description": "SKU-M\u0026M PEANUT SINGLES 48GR DISPLAY 48UN (XD)",
        "uom": "UN"
      },
      {
        "materialCode": "R251266",
        "quantity": 1.0000,
        "unitPrice": 36525.0000,
        "requestedDate": "2026-03-11",
        "description": "SKU-M\u0026M PLAIN SINGLES 48GR DISPLAY 36UN (XD)",
        "uom": "UN"
      },
      {
        "materialCode": "R251334",
        "quantity": 3.0000,
        "unitPrice": 36515.0000,
        "requestedDate": "2026-03-11",
        "description": "SKU-TWIX SINGLE 57GR DISPLAY 36UN (XD)",
        "uom": "UN"
      },
      {
        "materialCode": "R251341",
        "quantity": 6.0000,
        "unitPrice": 48686.0000,
        "requestedDate": "2026-03-11",
        "description": "SKU-CHOCOLATE SNICKERS SINGLE 53GR DISPLAY 48UN (XD)",
        "uom": "UN"
      },
      {
        "materialCode": "R253833",
        "quantity": 4.0000,
        "unitPrice": 7770.0000,
        "requestedDate": "2026-03-11",
        "description": "SKU-CHOCOLATE TRENCITO 24GR DISPLAY 30 UN NESTLE (XD)",
        "uom": "UN"
      },
      {
        "materialCode": "R273435",
        "quantity": 3.0000,
        "unitPrice": 22041.0000,
        "requestedDate": "2026-03-11",
        "description": "SKU-CHOCOLATE COSTA ROLLS CRISPY 130GR CAJA 15UN (XD)",
        "uom": "UN"
      },
      {
        "materialCode": "R281485",
        "quantity": 1.0000,
        "unitPrice": 12240.0000,
        "requestedDate": "2026-03-11",
        "description": "SKU-GALLETA TRITON MCKAY VAINILLA 129GR CAJA 30UN (XD)",
        "uom": "UN"
      },
      {
        "materialCode": "R287036",
        "quantity": 3.0000,
        "unitPrice": 25256.0000,
        "requestedDate": "2026-03-11",
        "description": "SKU-PAPAS FRITAS LAYS STAX CHEDDAR 172GR CAJA 14UN EVERCRISP (XD)",
        "uom": "UN"
      },
      {
        "materialCode": "R287043",
        "quantity": 4.0000,
        "unitPrice": 25256.0000,
        "requestedDate": "2026-03-11",
        "description": "SKU-PAPAS FRITAS LAYS STAX ORIGINAL 172GR CAJA 14UN EVERCRISP (XD)",
        "uom": "UN"
      },
      {
        "materialCode": "R290128",
        "quantity": 1.0000,
        "unitPrice": 71424.0000,
        "requestedDate": "2026-03-11",
        "description": "SKU-CHOCOLATE PRESTIGIO 35GR CAJA 192UN NESTLE (XD)",
        "uom": "UN"
      },
      {
        "materialCode": "R302791",
        "quantity": 1.0000,
        "unitPrice": 21244.0000,
        "requestedDate": "2026-03-11",
        "description": "SKU-GALLETA COSTA GRETTEL YOGHURT FRUTILLA 85GR CAJA 24UN (XD)",
        "uom": "UN"
      },
      {
        "materialCode": "R303602",
        "quantity": 1.0000,
        "unitPrice": 11326.0000,
        "requestedDate": "2026-03-11",
        "description": "SKU-GALLETON AVENA BERRIES ECOVIDA 40GR CAJA 24UN (XD)",
        "uom": "UN"
      },
      {
        "materialCode": "R303607",
        "quantity": 1.0000,
        "unitPrice": 39969.0000,
        "requestedDate": "2026-03-11",
        "description": "SKU-GALLETAS EMPAREDADOS DE CIRUELA ECOVIDA 150GR CAJA 30UN (XD)",
        "uom": "UN"
      },
      {
        "materialCode": "R303610",
        "quantity": 2.0000,
        "unitPrice": 39969.0000,
        "requestedDate": "2026-03-11",
        "description": "SKU-GALLETAS EMPAREDADOS DE HIGO S/AZUCAR ECOVIDA 150GR CAJA 30UN (XD)",
        "uom": "UN"
      },
      {
        "materialCode": "R304879",
        "quantity": 5.0000,
        "unitPrice": 12542.0000,
        "requestedDate": "2026-03-11",
        "description": "SKU-CARAMELOS AMBROSOLI FULL LIMON 27GR CAJA 60UN (XD)",
        "uom": "UN"
      },
      {
        "materialCode": "R305104",
        "quantity": 7.0000,
        "unitPrice": 16492.0000,
        "requestedDate": "2026-03-11",
        "description": "SKU-SUPLEMENTO PROTEIN SNACK TWENTYS LEMON CHEESECAKE 60GR DISPLAY 12UN (XD)",
        "uom": "UN"
      },
      {
        "materialCode": "R305163",
        "quantity": 5.0000,
        "unitPrice": 45897.0000,
        "requestedDate": "2026-03-11",
        "description": "SKU-CHOCOLATE COSTA NUSS 250GR DISPLAY 15UN (XD)",
        "uom": "UN"
      },
      {
        "materialCode": "R307011",
        "quantity": 3.0000,
        "unitPrice": 14697.0000,
        "requestedDate": "2026-03-11",
        "description": "SKU-SUPLEMENTO PROTEIN BARRA CHOCOLATE 45GR DISPLAY 16UN (XD)",
        "uom": "UN"
      },
      {
        "materialCode": "R307020",
        "quantity": 3.0000,
        "unitPrice": 28062.0000,
        "requestedDate": "2026-03-11",
        "description": "SKU-GALLETA CHOCOLATE FRUTILLA SIN AZUCAR\u00A0225GR CAJA 20UN ECOVIDA (XD)",
        "uom": "UN"
      },
      {
        "materialCode": "R307327",
        "quantity": 1.0000,
        "unitPrice": 16512.0000,
        "requestedDate": "2026-03-11",
        "description": "SKU-GALLETA COSTA COCO TUAREG 120GR CAJA 35UN (XD)",
        "uom": "UN"
      },
      {
        "materialCode": "R308732",
        "quantity": 18.0000,
        "unitPrice": 19714.0000,
        "requestedDate": "2026-03-11",
        "description": "SKU-CHICLE ORBIT BUBBLEMINT S/AZUCAR 64GR DISPLAY 6UN (SS) (XD)",
        "uom": "UN"
      },
      {
        "materialCode": "R308736",
        "quantity": 1.0000,
        "unitPrice": 23429.0000,
        "requestedDate": "2026-03-11",
        "description": "SKU-CHOCOLATE MILKA LECHE 55GR DISPLAY 21UN (XD)",
        "uom": "UN"
      },
      {
        "materialCode": "R308739",
        "quantity": 1.0000,
        "unitPrice": 18378.0000,
        "requestedDate": "2026-03-11",
        "description": "SKU-JUGO NATURAL IND CITRIC NARANJA 500ML CAJA 12UN (XD)",
        "uom": "UN"
      },
      {
        "materialCode": "R308971",
        "quantity": 4.0000,
        "unitPrice": 15172.0000,
        "requestedDate": "2026-03-11",
        "description": "SKU-JUGO BLESS MARACUYA/NARANJA/PINA/MANZANA/LIMON 300CC CAJA 12UN (SS) (XD)",
        "uom": "UN"
      },
      {
        "materialCode": "R308973",
        "quantity": 1.0000,
        "unitPrice": 15172.0000,
        "requestedDate": "2026-03-11",
        "description": "SKU-JUGO BLESS PEPINO/ESPIRUL/MANZANA/PI\u00D1A/JENGIBRE/LIMON 300CC CAJA 12UN (XD)",
        "uom": "UN"
      },
      {
        "materialCode": "R309051",
        "quantity": 5.0000,
        "unitPrice": 16622.0000,
        "requestedDate": "2026-03-11",
        "description": "SKU-CHEETOS PALITOS 110GR CAJA 15UN EVERSCRISP (XD)",
        "uom": "UN"
      },
      {
        "materialCode": "R309067",
        "quantity": 2.0000,
        "unitPrice": 56184.0000,
        "requestedDate": "2026-03-11",
        "description": "SKU-CHOCOLATE ESTUCHE COSTA VIZZIO 120GR CAJA 34UN (XD)",
        "uom": "UN"
      },
      {
        "materialCode": "R309093",
        "quantity": 1.0000,
        "unitPrice": 47070.0000,
        "requestedDate": "2026-03-11",
        "description": "SKU-GALLETA ARCOR BON O BON 95GR CAJA 36UN (XD)",
        "uom": "UN"
      },
      {
        "materialCode": "R309097",
        "quantity": 6.0000,
        "unitPrice": 16578.0000,
        "requestedDate": "2026-03-11",
        "description": "SKU-CHEEZELS EVERCRISP 100GR CAJA 16UN (XD)",
        "uom": "UN"
      },
      {
        "materialCode": "R309146",
        "quantity": 1.0000,
        "unitPrice": 31430.0000,
        "requestedDate": "2026-03-11",
        "description": "SKU-CHOCOLATE NESTLE TRENCITO 150GR CAJA 14UN (XD)",
        "uom": "UN"
      },
      {
        "materialCode": "R309147",
        "quantity": 2.0000,
        "unitPrice": 49939.0000,
        "requestedDate": "2026-03-11",
        "description": "SKU-CHOCOLATE NESTLE KIT KAT 41,5GR CAJA 96UN (XD)",
        "uom": "UN"
      },
      {
        "materialCode": "R309265",
        "quantity": 1.0000,
        "unitPrice": 15470.0000,
        "requestedDate": "2026-03-11",
        "description": "SKU-SNACK MIX TENTACION 50GR CAJA 20UN (XD)",
        "uom": "UN"
      },
      {
        "materialCode": "R309432",
        "quantity": 3.0000,
        "unitPrice": 9093.0000,
        "requestedDate": "2026-03-11",
        "description": "SKU-CHIPS DE VEGETALES TIKA FURIOSAS 35GR CAJA 15UN (XD).",
        "uom": "UN"
      },
      {
        "materialCode": "R309456",
        "quantity": 3.0000,
        "unitPrice": 18911.0000,
        "requestedDate": "2026-03-11",
        "description": "SKU-CHICLE ORBIT MENTA DISPLAY 30UN (XD).",
        "uom": "UN"
      },
      {
        "materialCode": "R309457",
        "quantity": 7.0000,
        "unitPrice": 18911.0000,
        "requestedDate": "2026-03-11",
        "description": "SKU-CHICLE ORBIT EUCALIPTUS DISPLAY 30UN (XD).",
        "uom": "UN"
      },
      {
        "materialCode": "R309458",
        "quantity": 1.0000,
        "unitPrice": 18911.0000,
        "requestedDate": "2026-03-11",
        "description": "SKU-CHICLE ORBIT HIERBABUENA DISPLAY 30UN (XD).",
        "uom": "UN"
      },
      {
        "materialCode": "R309620",
        "quantity": 5.0000,
        "unitPrice": 19714.0000,
        "requestedDate": "2026-03-11",
        "description": "SKU-CHICLE ORBIT HIERBABUENA S/AZUCAR 64GR DISPLAY 6UN (SS) (XD)",
        "uom": "UN"
      },
      {
        "materialCode": "R309661",
        "quantity": 11.0000,
        "unitPrice": 24387.0000,
        "requestedDate": "2026-03-11",
        "description": "SKU-RAMITAS SALADAS EVERCRISP 230GR CAJA 16UN (XD)",
        "uom": "UN"
      },
      {
        "materialCode": "R309761",
        "quantity": 3.0000,
        "unitPrice": 33780.0000,
        "requestedDate": "2026-03-11",
        "description": "SKU-CHOCOLATE M\u0026M PEANUT 141,8GR CAJA 12UN (XD)",
        "uom": "UN"
      },
      {
        "materialCode": "R309762",
        "quantity": 2.0000,
        "unitPrice": 5794.0000,
        "requestedDate": "2026-03-11",
        "description": "SKU-CHICLE BIGTIME MENTA 11GR DISPLAY 20UN (XD)",
        "uom": "UN"
      },
      {
        "materialCode": "R309763",
        "quantity": 11.0000,
        "unitPrice": 6084.0000,
        "requestedDate": "2026-03-11",
        "description": "SKU-CHICLE BIGTIME STRONG 11GR DISPLAY 20UN (SS) (XD)",
        "uom": "UN"
      },
      {
        "materialCode": "R309764",
        "quantity": 4.0000,
        "unitPrice": 6084.0000,
        "requestedDate": "2026-03-11",
        "description": "SKU-CHICLE BIGTIME SANDIA 11GR DISPLAY 20UN (SS) (XD)",
        "uom": "UN"
      },
      {
        "materialCode": "R309765",
        "quantity": 47.0000,
        "unitPrice": 6084.0000,
        "requestedDate": "2026-03-11",
        "description": "SKU-CHICLE BIGTIME REFRESCANTE 11GR DISPLAY 20UN (SS) (XD)",
        "uom": "UN"
      },
      {
        "materialCode": "R309876",
        "quantity": 2.0000,
        "unitPrice": 23730.0000,
        "requestedDate": "2026-03-11",
        "description": "SKU-ALFAJOR ARTESANAL CACAO NEGRO 55GR CAJA 30UN (XD)",
        "uom": "UN"
      },
      {
        "materialCode": "R309913",
        "quantity": 2.0000,
        "unitPrice": 8342.0000,
        "requestedDate": "2026-03-11",
        "description": "SKU-CHICLE TRIDENT INFINITI PEPPERMINT S/AZUCAR 26,6GR DISPLAY 12UN (SS) (XD)",
        "uom": "UN"
      },
      {
        "materialCode": "R309920",
        "quantity": 2.0000,
        "unitPrice": 9270.0000,
        "requestedDate": "2026-03-11",
        "description": "SKU-CHICLE TRIDENT INFINITI PEPPERMINT S/AZUCAR 26,6GR DISPLAY 12UN (SS) (XD).",
        "uom": "UN"
      },
      {
        "materialCode": "R310215",
        "quantity": 5.0000,
        "unitPrice": 17753.0000,
        "requestedDate": "2026-03-11",
        "description": "SKU-PAPA FRITA LAYS T/AMERICANO 200GR CAJA 12UN",
        "uom": "UN"
      },
      {
        "materialCode": "R310342",
        "quantity": 2.0000,
        "unitPrice": 12600.0000,
        "requestedDate": "2026-03-11",
        "description": "SKU-AGUA SABORIZADA UNIKO MANZANA S/GAS 310ML CAJA 12UN (SS) (XD)",
        "uom": "UN"
      },
      {
        "materialCode": "R310345",
        "quantity": 1.0000,
        "unitPrice": 12600.0000,
        "requestedDate": "2026-03-11",
        "description": "SKU-AGUA SABORIZADA UNIKO CRANBERRY C/GAS 310ML CAJA 12UN (SS) (XD)",
        "uom": "UN"
      },
      {
        "materialCode": "R310393",
        "quantity": 12.0000,
        "unitPrice": 10756.0000,
        "requestedDate": "2026-03-11",
        "description": "SKU-SNACK MANI JAPONES 100G CAJA 16UN (XD)",
        "uom": "UN"
      },
      {
        "materialCode": "R310394",
        "quantity": 1.0000,
        "unitPrice": 14928.0000,
        "requestedDate": "2026-03-11",
        "description": "SKU-PAPAS FRITAS CASERAS IND 42GR CAJA 54UN MARCO POLO (XD)",
        "uom": "UN"
      },
      {
        "materialCode": "R310430",
        "quantity": 4.0000,
        "unitPrice": 17584.0000,
        "requestedDate": "2026-03-11",
        "description": "SKU-GALLETA CRIOLLITA 80GR CAJA 28UN MCKAY (XD)",
        "uom": "UN"
      },
      {
        "materialCode": "R310436",
        "quantity": 5.0000,
        "unitPrice": 21860.0000,
        "requestedDate": "2026-03-11",
        "description": "SKU-SNACK TIKA NATURAL CHIPS-CEBOLLITA DULCE 150GR CAJA 15UN (XD)",
        "uom": "UN"
      },
      {
        "materialCode": "R310438",
        "quantity": 3.0000,
        "unitPrice": 35948.0000,
        "requestedDate": "2026-03-11",
        "description": "SKU-SNACK TIKA NATURAL CHIPS-FURIOSA ESTANDAR 100GR CAJA 22UN (XD)",
        "uom": "UN"
      },
      {
        "materialCode": "R310456",
        "quantity": 1.0000,
        "unitPrice": 21888.0000,
        "requestedDate": "2026-03-11",
        "description": "SKU-CHOCOLATE M\u0026M MANTEQUILLA MANI 127GR CAJA 8UN (XD).",
        "uom": "UN"
      },
      {
        "materialCode": "R310457",
        "quantity": 1.0000,
        "unitPrice": 21633.0000,
        "requestedDate": "2026-03-11",
        "description": "SKU-GALLETA OREO VAINILLA 108GR CAJA 30UN (XD).",
        "uom": "UN"
      },
      {
        "materialCode": "R310471",
        "quantity": 4.0000,
        "unitPrice": 29349.0000,
        "requestedDate": "2026-03-11",
        "description": "SKU-GALLETAS BISCUIT CHIP CHOCOLATE S/AZUCAR 145GR CAJA 24UN (XD)",
        "uom": "UN"
      },
      {
        "materialCode": "R310551",
        "quantity": 1.0000,
        "unitPrice": 20004.0000,
        "requestedDate": "2026-03-11",
        "description": "SKU-CARAMELO FLOPI CEREZA S/AZUCAR 40GR DISPLAY 12UN (XD)",
        "uom": "UN"
      },
      {
        "materialCode": "R310552",
        "quantity": 1.0000,
        "unitPrice": 20004.0000,
        "requestedDate": "2026-03-11",
        "description": "SKU-CARAMELO FLOPI MULTIFRUTA S/AZUCAR 40GR DISPLAY 12UN (XD)",
        "uom": "UN"
      },
      {
        "materialCode": "R310560",
        "quantity": 2.0000,
        "unitPrice": 15600.0000,
        "requestedDate": "2026-03-11",
        "description": "SKU-BEBIDA GINGER BLESS MARACUYA LATA 310ML DISPLAY 12UN (XD)",
        "uom": "UN"
      },
      {
        "materialCode": "R310644",
        "quantity": 1.0000,
        "unitPrice": 24342.0000,
        "requestedDate": "2026-03-11",
        "description": "SKU-CHOCOLATE MILKY WAY SINGLE 48GR DISPLAY 24UN (XD)",
        "uom": "UN"
      },
      {
        "materialCode": "R310815",
        "quantity": 3.0000,
        "unitPrice": 70000.0000,
        "requestedDate": "2026-03-11",
        "description": "SKU-SNACK MIX EXTRA NUTS SALADO TNOGAL 125G CAJA 40UN (XD)",
        "uom": "UN"
      },
      {
        "materialCode": "R310842",
        "quantity": 2.0000,
        "unitPrice": 34003.0000,
        "requestedDate": "2026-03-11",
        "description": "SKU-CHOCOLATE COSTA RAMA BLANCO 115GR CAJA 16UN (XD)",
        "uom": "UN"
      },
      {
        "materialCode": "R310843",
        "quantity": 1.0000,
        "unitPrice": 24083.0000,
        "requestedDate": "2026-03-11",
        "description": "SKU-GOMITAS AMBROSOLI LOOP 90G DISPLAY 30UN (XD)",
        "uom": "UN"
      },
      {
        "materialCode": "R310845",
        "quantity": 2.0000,
        "unitPrice": 39748.0000,
        "requestedDate": "2026-03-11",
        "description": "SKU-CHOCOLATE ESTUCHE COSTA VIZZIO XL 360GR CAJA 8UN (XD)",
        "uom": "UN"
      },
      {
        "materialCode": "R311125",
        "quantity": 3.0000,
        "unitPrice": 22397.0000,
        "requestedDate": "2026-03-11",
        "description": "SKU-SNACK  SIN GLUTEN TOMATE ALBAHACA 100GR UN (XD)",
        "uom": "UN"
      },
      {
        "materialCode": "R311172",
        "quantity": 1.0000,
        "unitPrice": 5751.0000,
        "requestedDate": "2026-03-11",
        "description": "SKU-CHOCOLATE ARCOR ROCKLETS 30GR DISPLAY 18UN (XD)",
        "uom": "UN"
      },
      {
        "materialCode": "R311417",
        "quantity": 2.0000,
        "unitPrice": 18378.0000,
        "requestedDate": "2026-03-11",
        "description": "SKU-JUGO IND CITRIC NARANJA MANGO 500ML CAJA 12UN (XD)",
        "uom": "UN"
      },
      {
        "materialCode": "R311418",
        "quantity": 2.0000,
        "unitPrice": 14100.0000,
        "requestedDate": "2026-03-11",
        "description": "SKU-JUGO IND CITRIC LIMONADA MENTA 500ML CAJA 12UN (XD)",
        "uom": "UN"
      },
      {
        "materialCode": "R311708",
        "quantity": 10.0000,
        "unitPrice": 22894.0000,
        "requestedDate": "2026-03-11",
        "description": "SKU-SNACK DETODITO 275GR CAJA 11UN EVERSCRISP (XD)",
        "uom": "UN"
      },
      {
        "materialCode": "R311709",
        "quantity": 1.0000,
        "unitPrice": 25971.0000,
        "requestedDate": "2026-03-11",
        "description": "SKU-PAPA FRITA LAYS T/AMERICANO 330GR CAJA 9UN (XD)",
        "uom": "UN"
      },
      {
        "materialCode": "R312295",
        "quantity": 2.0000,
        "unitPrice": 48040.0000,
        "requestedDate": "2026-03-11",
        "description": "SKU-CHEETOS PALITO EVERCRISP 64GR CAJA 66UN (XD)",
        "uom": "UN"
      },
      {
        "materialCode": "R312297",
        "quantity": 2.0000,
        "unitPrice": 15285.3800,
        "requestedDate": "2026-03-11",
        "description": "SKU-SNACK DETODITO QUESO 64GR CAJA 21UN EVERSCRISP (XD)",
        "uom": "UN"
      }
    ]
  }
}
Response Status: 400 Bad Request
Response Headers:
  Transfer-Encoding: chunked
  Server: Microsoft-IIS/10.0
  X-Powered-By: ASP.NET
  Date: Thu, 19 Mar 2026 23:30:23 GMT
Response Content Headers:
  Content-Type: application/problem+json; charset=utf-8
Response Body: {"type":"https://tools.ietf.org/html/rfc7231#section-6.5.1","title":"Bad Request","status":400,"traceId":"00-5389ee40f7d66922bbb5076dfb5f2287-a727988089545755-00"}
-----
